Eng Displ,# Cyl,Comb Unadj FE - Conventional Fuel,# Gears,Max Ethanol % - Gasoline,Intake Valves Per Cyl,Exhaust Valves Per Cyl,Stop/Start System (Engine Management System)  Description,Lockup Torque Converter,Calc Approach Desc,Cyl Deact?,Trans Creeper Gear
4.4,8,20.538,7,10.0,2,2,Yes,   ,not filled in,^^,N
2.0,4,34.5365,6,15.0,2,2,No,,not filled in,^^,N
3.4,6,31.5932,7,10.0,2,2,none,N,not filled in,N,N
4.4,8,22.0246,6,10.0,2,2,none,N,Derived 5-cycle label,N,N
4.3,6,25.772,6,85.0,1,1,No,,not filled in,^^,N
3.0,6,27.9327,6,10.0,2,2,No,,not filled in,^^,N
4.7,8,20.5806,7,10.0,2,2,none,N,not filled in,^^,N
3.7,6,26.3864,7,10.0,2,2,No,   ,Derived 5-cycle label,N,N
3.5,6,30.0207,7,85.0,2,2,Yes,Y,not filled in,N,N
,8,18.413,6,85.0,1,1,No,Y,Derived 5-cycle label,Y,N
2.5,4,38.1862,6,15.0,2,2,No,   ,Derived 5-cycle label,N,N
4.4,8,24.8022,8,10.0,2,2,none,,Derived 5-cycle label,N,N
2.0,4,30.8588,8,85.0,2,2,none,   ,Derived 5-cycle label,^^,N
,8,20.3843,7,10.0,2,2,none,Y,Derived 5-cycle label,N,N
,4,28.9785,6,10.0,2,2,No,Y,Derived 5-cycle label,N,N
3.8,6,28.0891,7,10.0,2,2,none,N,not filled in,N,N
1.8,4,43.5074,1,15.0,2,2,No,,Derived 5-cycle label,N,N
1.6,4,39.6538,6,10.0,2,2,No,Y,not filled in,N,N
6.3,12,16.2512,7,10.0,2,2,none,,Derived 5-cycle label,^^,N
1.6,4,36.2557,6,10.0,2,2,No,N,not filled in,^^,N
2.0,4,44.3729,6,10.0,2,2,No,,Derived 5-cycle label,^^,N
1.6,4,39.6659,6,10.0,2,2,none,Y,Derived 5-cycle label,^^,N
,8,22.6159,7,10.0,2,2,none,Y,Vehicle Specific 5-cycle label,N,N
,6,30.4945,7,10.0,2,2,No,,Derived 5-cycle label,^^,N
3.5,6,30.3614,7,85.0,2,2,Yes,,Vehicle Specific 5-cycle label,^^,N
1.3,4,52.2891,1,15.0,2,2,none,   ,Vehicle Specific 5-cycle label,^^,N
,4,34.5259,8,10.0,2,2,Yes,Y,Derived 5-cycle label,^^,N
,4,36.0919,1,10.0,2,2,No,Y,not filled in,^^,N
,4,31.489,6,10.0,2,2,No,N,not filled in,N,N
3.0,6,29.3582,8,10.0,2,2,Yes,,Derived 5-cycle label,N,N
1.6,4,35.2534,6,10.0,2,2,none,Y,not filled in,^^,N
,6,26.4165,7,10.0,2,2,none,Y,Vehicle Specific 5-cycle label,N,N
2.7,4,30.2726,5,10.0,2,2,No,   ,Derived Vehicle Specific 5-cycle Calculation Approach for city label but Modified 5-cycle Calculation Approach for Highway label,^^,N
,5,30.5996,6,10.0,2,2,No,Y,not filled in,N,N
,4,31.7685,1,10.0,2,2,No,Y,not filled in,^^,N
5.5,8,22.8851,7,10.0,2,2,Yes,,Derived 5-cycle label,N,N
,8,20.4217,7,10.0,2,2,No,Y,Vehicle Specific 5-cycle label,N,N
2.0,4,36.8678,8,10.0,2,2,Yes,Y,not filled in,N,N
1.4,4,33.84,6,10.0,2,2,No,Y,not filled in,N,N
,6,23.7196,6,10.0,2,2,No,Y,Derived 5-cycle label,N,N
3.5,6,29.7643,7,85.0,2,2,Yes,Y,not filled in,^^,N
6.2,8,19.3239,7,10.0,2,2,none,Y,Derived 5-cycle label,N,N
2.5,4,41.3004,6,10.0,2,2,No,   ,Derived 5-cycle label,^^,N
2.5,4,42.9553,6,10.0,2,2,none,Y,not filled in,^^,N
,4,34.7132,1,10.0,2,2,No,   ,Derived 5-cycle label,^^,N
3.7,6,26.8969,6,10.0,2,2,none,N,Derived 5-cycle label,N,N
,8,25.3787,8,10.0,2,2,none,Y,Derived 5-cycle label,N,N
2.7,6,31.1731,6,10.0,2,2,none,N,Derived 5-cycle label,N,N
2.0,4,38.4668,6,10.0,2,2,none,Y,Derived 5-cycle label,N,N
4.7,8,19.7608,6,10.0,2,2,none,Y,Derived 5-cycle label,N,N
5.5,8,24.0623,7,10.0,2,2,Yes,,Derived 5-cycle label,^^,N
,6,23.0678,8,10.0,2,2,No,Y,not filled in,^^,N
,4,36.72,8,10.0,2,2,none,Y,Derived 5-cycle label,N,N
,6,24.7921,6,10.0,2,2,No,   ,Derived 5-cycle label,N,N
6.2,8,19.7643,7,10.0,2,2,No,   ,not filled in,^^,N
3.7,6,24.8878,6,85.0,2,2,No,,Derived 5-cycle label,^^,N
1.8,4,44.5857,1,10.0,2,2,No,   ,Derived 5-cycle label,^^,N
4.4,8,24.2137,8,10.0,2,2,Yes,,Derived 5-cycle label,N,N
,6,25.7761,6,85.0,1,1,No,,Derived 5-cycle label,Y,N
2.0,4,32.3228,6,10.0,2,2,none,   ,Derived 5-cycle label,N,N
,6,27.2231,6,15.0,2,2,No,Y,Derived 5-cycle label,^^,N
3.3,6,29.6416,6,10.0,2,2,No,,not filled in,^^,N
3.5,6,27.7782,7,10.0,2,2,Yes,Y,not filled in,^^,N
1.8,4,70.643,1,15.0,2,2,Yes,,not filled in,N,N
,4,38.0961,6,10.0,2,2,Yes,Y,Derived 5-cycle label,^^,N
3.0,6,30.4321,8,,2,2,No,Y,Derived 5-cycle label,N,N
,4,39.5073,6,10.0,2,2,No,Y,not filled in,N,N
6.4,8,21.8531,5,10.0,1,1,No,,not filled in,Y,N
1.8,4,38.547,6,10.0,2,2,No,N,Derived 5-cycle label,^^,N
6.2,8,17.9556,6,10.0,1,1,No,   ,Derived 5-cycle label,^^,N
2.0,4,32.0168,6,10.0,2,2,No,   ,not filled in,^^,N
,6,22.7455,5,10.0,2,2,No,Y,Derived 5-cycle label,^^,N
,8,17.753,5,10.0,2,2,No,Y,Derived 5-cycle label,N,N
2.0,4,34.5259,8,10.0,2,2,Yes,,Derived 5-cycle label,^^,N
5.2,10,19.4796,7,10.0,2,2,none,Y,Vehicle Specific 5-cycle label,N,N
2.5,5,32.0537,5,10.0,2,2,No,,Vehicle Specific 5-cycle label,N,N
,4,47.7243,8,,2,2,No,Y,not filled in,N,N
,4,36.7806,6,10.0,2,2,No,Y,Derived 5-cycle label,N,N
3.5,6,31.0709,7,10.0,2,2,Yes,,Derived Vehicle Specific 5-cycle Calculation Approach for city label but Modified 5-cycle Calculation Approach for Highway label,^^,N
,4,43.5176,6,10.0,2,2,No,Y,not filled in,^^,N
2.4,4,33.7787,6,10.0,2,2,No,   ,Derived 5-cycle label,^^,N
,8,22.8351,8,10.0,2,2,No,,Derived 5-cycle label,N,N
2.0,4,31.5709,6,10.0,2,2,No,N,not filled in,^^,N
6.5,12,16.2581,7,10.0,2,2,none,   ,Vehicle Specific 5-cycle label,Y,N
,4,38.0961,6,10.0,2,2,Yes,Y,Derived 5-cycle label,^^,N
3.0,6,27.2096,8,10.0,2,2,No,   ,Vehicle Specific 5-cycle label,N,N
1.6,4,38.2932,6,10.0,2,2,No,N,not filled in,^^,N
,4,32.8775,5,10.0,2,2,No,   ,Derived 5-cycle label,N,N
2.0,4,30.0404,8,10.0,2,2,none,Y,Vehicle Specific 5-cycle label,^^,N
,6,24.5122,6,10.0,2,2,No,   ,Derived 5-cycle label,N,N
,8,25.3787,8,10.0,2,2,none,Y,Derived 5-cycle label,N,N
,6,25.8927,6,15.0,2,2,No,Y,Derived 5-cycle label,N,N
,4,36.6511,7,10.0,2,2,Yes,Y,Derived 5-cycle label,N,N
,6,24.7921,6,10.0,2,2,none,Y,Derived 5-cycle label,N,N
1.8,4,47.4815,1,10.0,2,2,No,Y,not filled in,^^,N
,6,24.1463,6,85.0,2,2,No,Y,Derived 5-cycle label,N,N
3.5,6,30.2852,7,85.0,2,2,Yes,   ,not filled in,^^,N
3.7,6,28.3582,6,15.0,2,2,none,,Derived 5-cycle label,^^,N
,6,23.7581,6,15.0,2,2,No,Y,not filled in,N,N
3.4,6,27.9596,7,10.0,2,2,none,N,Derived 5-cycle label,N,N
5.3,8,18.3252,4,85.0,1,1,No,   ,Derived 5-cycle label,^^,N
1.8,4,39.2241,6,15.0,2,2,No,   ,Derived 5-cycle label,^^,N
6.4,8,21.8531,5,10.0,1,1,No,   ,Derived Vehicle Specific 5-cycle Calculation Approach for city label but Modified 5-cycle Calculation Approach for Highway label,^^,N
,6,23.7581,6,15.0,2,2,No,   ,Derived 5-cycle label,N,N
1.8,4,35.1331,6,10.0,2,2,none,Y,Derived 5-cycle label,^^,N
2.5,4,32.8068,1,10.0,2,2,No,   ,Derived 5-cycle label,N,N
2.0,4,59.4281,1,15.0,2,2,Yes,,Derived 5-cycle label,^^,N
2.4,4,27.6702,4,10.0,2,2,No,   ,Derived 5-cycle label,^^,N
1.4,4,40.0906,6,10.0,2,2,none,Y,Derived 5-cycle label,^^,N
5.3,8,18.3618,4,85.0,1,1,No,Y,Derived 5-cycle label,N,N
3.0,6,26.4887,7,10.0,2,2,Yes,   ,Derived 5-cycle label,N,N
4.6,8,18.6788,4,85.0,1,1,No,Y,not filled in,N,N
3.6,6,29.1393,6,85.0,2,2,No,Y,not filled in,^^,N
4.7,8,26.8613,7,10.0,2,2,Yes,Y,not filled in,^^,N
,8,18.7065,5,85.0,2,2,No,   ,Derived 5-cycle label,^^,N
,6,23.8698,6,10.0,2,2,none,Y,Derived 5-cycle label,N,N
3.6,6,27.4438,6,10.0,2,2,none,Y,not filled in,N,N
,4,39.6538,6,10.0,2,2,none,Y,Derived 5-cycle label,N,N
,4,31.6394,6,10.0,2,2,No,,Derived 5-cycle label,N,N
,6,38.8734,6,15.0,2,2,Yes,   ,Vehicle Specific 5-cycle label,^^,N
2.0,4,Mod,6,,2,2,No,N,not filled in,^^,N
,6,29.5284,6,10.0,2,2,none,N,Derived 5-cycle label,N,N
4.5,8,18.6649,7,10.0,2,2,none,N,Derived 5-cycle label,N,N
6.7,12,17.4989,8,10.0,2,2,No,   ,Vehicle Specific 5-cycle label,N,N
1.6,4,39.1347,6,15.0,2,2,No,   ,Derived 5-cycle label,^^,N
2.0,4,29.5075,8,85.0,2,2,No,,Derived 5-cycle label,^^,N
5.0,8,22.6216,6,10.0,2,2,none,Y,not filled in,N,N
,6,24.887,6,10.0,2,2,No,Y,Derived 5-cycle label,^^,N
,8,21.8636,8,10.0,2,2,none,Y,Derived 5-cycle label,N,N
3.4,6,29.9192,7,10.0,2,2,none,N,Derived 5-cycle label,N,N
2.7,6,33.6298,7,10.0,2,2,none,N,Derived 5-cycle label,N,N
1.8,4,35.9356,6,15.0,2,2,none,Y,not filled in,N,N
2.5,4,34.5613,6,15.0,2,2,none,,Derived 5-cycle label,^^,N
2.5,4,31.0921,6,15.0,2,2,No,   ,Derived 5-cycle label,N,N
2.0,4,31.3793,6,10.0,2,2,No,Y,not filled in,^^,N
6.0,8,15.13,6,85.0,1,1,No,Y,Derived 5-cycle label,N,N
3.6,6,29.2021,6,10.0,2,2,none,Y,not filled in,N,N
,8,23.1471,7,10.0,2,2,Yes,Y,not filled in,^^,N
,8,21.4943,8,10.0,2,2,No,Y,Derived 5-cycle label,N,N
2.4,4,33.0426,5,10.0,2,2,No,   ,Derived 5-cycle label,N,N
2.5,4,34.3969,6,15.0,2,2,none,N,not filled in,^^,N
,8,20.1645,8,10.0,2,2,Yes,   ,Derived 5-cycle label,^^,N
,8,18.3618,4,85.0,1,1,No,Y,Derived 5-cycle label,N,N
6.0,12,18.3883,5,10.0,2,1,none,Y,not filled in,^^,N
3.6,6,28.1841,6,85.0,2,2,No,   ,Derived 5-cycle label,N,N
,4,55.2288,6,15.0,2,2,Yes,,Vehicle Specific 5-cycle label,N,N
3.0,6,23.8527,6,85.0,2,2,No,Y,not filled in,^^,N
,6,25.9349,6,85.0,2,2,No,Y,Derived 5-cycle label,N,N
3.5,6,40.9298,7,10.0,2,2,No,Y,not filled in,^^,N
2.0,4,34.1556,8,10.0,2,2,Yes,   ,Derived 5-cycle label,N,N
,4,30.8901,6,10.0,2,2,No,Y,Derived 5-cycle label,N,N
1.8,4,33.0786,7,10.0,2,2,No,Y,not filled in,^^,N
,6,24.7683,8,85.0,2,2,Yes,Y,Derived 5-cycle label,N,N
,8,20.1132,6,10.0,2,2,No,Y,Derived 5-cycle label,N,N
,6,28.1631,8,10.0,2,2,No,   ,Derived 5-cycle label,N,N
,6,33.7545,6,10.0,2,2,No,,Derived 5-cycle label,^^,N
3.5,6,32.5607,6,15.0,2,2,No,   ,Derived 5-cycle label,N,N
,4,44.5744,6,,2,2,No,,Vehicle Specific 5-cycle label,N,N
2.0,4,Mod,6,,2,2,No,Y,Derived 5-cycle label,^^,N
3.5,6,26.0815,6,15.0,2,2,No,,not filled in,^^,N
3.5,6,29.4449,7,10.0,2,2,Yes,   ,not filled in,^^,N
3.5,6,22.0158,6,15.0,2,2,none,Y,Derived 5-cycle label,N,N
,6,23.7628,6,10.0,2,2,none,Y,Derived 5-cycle label,N,N
5.3,8,18.3252,4,85.0,1,1,No,   ,Derived 5-cycle label,N,N
,8,20.0593,8,85.0,2,2,Yes,Y,Derived 5-cycle label,N,N
2.4,4,50.3669,6,10.0,2,2,No,,not filled in,^^,N
3.7,6,27.5924,6,10.0,2,2,No,   ,Derived 5-cycle label,^^,N
,6,26.3378,9,10.0,2,2,none,Y,Derived 5-cycle label,N,N
5.0,8,22.8956,8,85.0,2,2,Yes,,Derived 5-cycle label,^^,N
5.5,8,22.9319,7,10.0,2,2,Yes,,Vehicle Specific 5-cycle label,^^,N
,4,36.8097,7,,2,2,Yes,Y,Derived 5-cycle label,N,N
,4,36.9914,6,10.0,2,2,No,,Derived 5-cycle label,^^,N
1.6,4,41.744,6,10.0,2,2,Yes,Y,not filled in,^^,N
3.6,6,26.7474,6,10.0,2,2,No,   ,Derived 5-cycle label,N,N
3.0,6,29.0058,8,10.0,2,2,none,   ,Derived 5-cycle label,N,N
,6,32.1176,6,15.0,2,2,No,Y,not filled in,^^,N
,6,28.1631,8,10.0,2,2,No,Y,Derived 5-cycle label,N,N
3.5,6,40.3557,6,15.0,2,2,Yes,   ,Derived 5-cycle label,N,N
3.6,6,24.8373,6,10.0,2,2,none,Y,Vehicle Specific 5-cycle label,^^,N
,4,27.8973,1,10.0,2,2,none,Y,Derived 5-cycle label,N,Y
2.7,4,26.1997,4,10.0,2,2,No,   ,Derived Vehicle Specific 5-cycle Calculation Approach for city label but Modified 5-cycle Calculation Approach for Highway label,^^,N
5.3,8,24.1558,6,85.0,1,1,No,,not filled in,Y,N
1.6,4,36.2557,6,10.0,2,2,No,   ,not filled in,^^,N
2.0,4,39.4043,5,85.0,2,2,No,   ,not filled in,^^,N
2.0,4,35.4215,6,10.0,2,2,No,   ,Derived 5-cycle label,N,N
3.7,6,26.0633,6,10.0,2,2,none,N,not filled in,^^,N
2.4,4,34.0888,6,85.0,2,2,No,   ,Derived 5-cycle label,N,N
3.5,6,31.9688,6,15.0,2,2,No,,not filled in,^^,N
,6,25.3494,7,10.0,2,2,none,N,Derived 5-cycle label,N,N
3.7,6,25.0299,7,10.0,2,2,No,   ,Derived 5-cycle label,^^,N
6.2,8,27.1629,7,10.0,1,1,none,N,Derived 5-cycle label,Y,N
1.4,4,39.3546,6,10.0,2,2,No,N,Derived 5-cycle label,^^,N
6.2,8,19.3239,7,10.0,2,2,none,Y,Derived 5-cycle label,N,N
,6,25.982,6,15.0,2,2,No,Y,Derived 5-cycle label,^^,N
1.6,4,40.9233,6,10.0,2,2,none,N,Derived 5-cycle label,N,N
,6,20.9045,8,10.0,2,2,Yes,Y,Derived 5-cycle label,^^,N
2.0,4,30.5199,6,10.0,2,2,none,Y,Derived 5-cycle label,^^,N
2.0,4,34.048,8,10.0,2,2,No,Y,Vehicle Specific 5-cycle label,^^,N
,6,24.7683,8,85.0,2,2,none,Y,Derived 5-cycle label,N,N
,4,34.69,6,10.0,2,2,none,Y,Derived 5-cycle label,N,N
,4,28.0481,6,15.0,2,2,No,Y,Derived Vehicle Specific 5-cycle Calculation Approach for city label but Modified 5-cycle Calculation Approach for Highway label,N,N
2.0,4,30.3066,6,10.0,2,2,none,Y,Derived 5-cycle label,^^,N
6.2,8,19.7643,7,10.0,2,2,none,Y,not filled in,N,N
3.5,6,23.8827,6,15.0,2,2,none,,Derived 5-cycle label,N,N
6.2,8,18.9615,6,15.0,1,1,No,,Derived 5-cycle label,N,N
,12,19.4396,8,10.0,2,2,No,,Derived 5-cycle label,N,N
5.0,8,22.7512,8,85.0,2,2,Yes,,not filled in,N,N
2.0,4,31.454,6,10.0,2,2,No,Y,not filled in,^^,N
3.5,6,29.9726,7,10.0,2,2,Yes,   ,not filled in,^^,N
5.3,8,18.3618,4,85.0,1,1,none,Y,Derived 5-cycle label,N,N
5.0,8,20.4821,6,85.0,2,2,No,Y,Derived 5-cycle label,N,N
,6,23.9963,6,10.0,2,2,No,   ,Derived 5-cycle label,N,N
,4,24.7909,5,10.0,2,2,No,N,not filled in,^^,N
3.2,6,27.4791,6,10.0,2,2,none,Y,Derived 5-cycle label,N,N
,6,25.6562,8,10.0,2,2,No,   ,Derived 5-cycle label,^^,N
,6,27.0797,7,10.0,2,2,No,,Derived 5-cycle label,^^,N
2.0,4,30.8611,6,10.0,2,2,none,N,Vehicle Specific 5-cycle label,^^,N
3.5,6,29.5496,5,10.0,2,2,No,Y,not filled in,N,N
3.5,6,29.0952,7,10.0,2,2,none,Y,not filled in,N,N
2.5,5,31.958,5,10.0,2,2,No,   ,Vehicle Specific 5-cycle label,^^,N
5.0,8,23.7078,8,10.0,2,2,none,Y,Derived 5-cycle label,N,N
,6,23.9079,5,10.0,2,2,No,   ,Derived 5-cycle label,N,N
5.6,8,17.8807,5,85.0,2,2,none,Y,Derived 5-cycle label,N,N
,6,25.6055,6,85.0,2,2,No,Y,Derived 5-cycle label,^^,N
2.0,4,30.8588,8,85.0,2,2,No,Y,not filled in,N,N
,4,36.4416,6,10.0,2,2,No,,Derived 5-cycle label,^^,N
1.8,4,46.0529,1,10.0,2,2,No,   ,Derived 5-cycle label,N,N
6.2,8,23.9058,6,10.0,1,1,none,N,not filled in,N,N
2.0,4,35.9182,8,10.0,2,2,Yes,Y,not filled in,N,N
2.0,4,33.1736,6,10.0,2,2,none,   ,Vehicle Specific 5-cycle label,N,N
1.0,4,48.3501,5,15.0,2,2,none,N,Derived 5-cycle label,N,N
1.8,4,70.643,1,15.0,2,2,Yes,N,not filled in,^^,N
4.0,8,23.5511,8,10.0,2,2,none,Y,Vehicle Specific 5-cycle label,^^,N
2.0,4,36.9299,5,10.0,2,2,No,,Derived 5-cycle label,^^,N
1.6,4,43.7668,6,10.0,2,2,none,N,Derived 5-cycle label,N,N
2.0,4,36.2994,6,85.0,2,2,No,,Derived 5-cycle label,^^,N
1.5,4,44.781,5,10.0,2,2,No,N,not filled in,^^,N
5.5,12,17.7601,5,10.0,2,1,none,Y,not filled in,^^,N
3.0,6,27.2497,8,10.0,2,2,Yes,   ,Vehicle Specific 5-cycle label,^^,N
1.0,3,50.283,5,10.0,2,2,none,   ,Vehicle Specific 5-cycle label,^^,N
2.4,4,35.3153,6,10.0,2,2,none,,Derived 5-cycle label,^^,N
,8,18.1515,6,10.0,2,2,No,   ,Derived 5-cycle label,N,N
2.4,4,28.1612,6,15.0,2,2,No,N,Derived Vehicle Specific 5-cycle Calculation Approach for city label but Modified 5-cycle Calculation Approach for Highway label,^^,N
2.5,4,43.1503,6,10.0,2,2,none,,Derived 5-cycle label,^^,N
2.0,4,31.0752,6,10.0,2,2,none,,Derived 5-cycle label,^^,N
3.0,6,30.813,8,10.0,2,2,Yes,Y,not filled in,N,N
4.6,8,23.4963,8,15.0,2,2,No,   ,Derived 5-cycle label,^^,N
1.8,4,40.8968,6,10.0,2,2,No,,Derived 5-cycle label,^^,N
2.0,4,37.1975,6,10.0,2,2,none,Y,Derived 5-cycle label,N,N
3.6,6,27.9923,8,10.0,2,2,none,,Derived 5-cycle label,N,N
,6,26.0969,5,10.0,2,2,No,Y,Derived 5-cycle label,N,N
1.3,4,58.7624,1,10.0,1,1,No,   ,not filled in,^^,N
2.0,4,29.5548,8,85.0,2,2,No,Y,not filled in,N,N
1.5,4,36.3669,6,15.0,2,2,No,,Derived 5-cycle label,^^,N
3.4,6,27.5924,7,10.0,2,2,none,N,Derived 5-cycle label,N,N
2.4,4,38.0961,6,10.0,2,2,Yes,Y,not filled in,^^,N
2.0,4,26.7395,8,10.0,2,2,none,   ,Derived 5-cycle label,N,N
3.5,6,32.5607,6,15.0,2,2,No,,Derived 5-cycle label,N,N
1.6,4,34.5814,6,10.0,2,2,No,   ,not filled in,^^,N
1.6,4,34.5814,6,10.0,2,2,No,   ,not filled in,^^,N
2.0,4,Mod,6,,2,2,No,   ,Derived 5-cycle label,^^,N
,8,21.8546,6,10.0,2,2,No,Y,Derived 5-cycle label,N,N
2.0,4,35.3932,8,10.0,2,2,none,Y,Derived 5-cycle label,N,N
4.3,6,20.0268,4,10.0,1,1,No,Y,Derived 5-cycle label,^^,N
3.7,6,24.978,6,15.0,2,2,No,   ,Derived 5-cycle label,N,N
2.4,4,35.3768,6,10.0,2,2,No,,Derived 5-cycle label,^^,N
,6,28.4326,8,10.0,2,2,No,Y,Derived 5-cycle label,^^,N
3.5,6,28.9937,1,10.0,2,2,No,   ,Derived 5-cycle label,N,N
,8,22.0246,6,10.0,2,2,Yes,N,Derived 5-cycle label,^^,N
1.6,4,39.6659,6,10.0,2,2,none,Y,not filled in,^^,N
2.0,4,35.3932,8,10.0,2,2,Yes,   ,Derived 5-cycle label,^^,N
3.5,6,29.6061,6,85.0,2,2,No,   ,Derived 5-cycle label,N,N
,6,22.0084,6,10.0,2,2,No,Y,Derived 5-cycle label,N,N
3.2,6,27.4791,6,10.0,2,2,No,Y,not filled in,N,N
,6,26.4845,6,10.0,2,2,No,Y,not filled in,^^,N
1.8,4,39.0533,6,15.0,2,2,No,,not filled in,^^,N
1.4,4,37.6193,6,10.0,2,2,No,   ,Derived 5-cycle label,N,N
1.8,4,58.6599,1,15.0,2,2,Yes,,Derived 5-cycle label,^^,N
6.7,12,17.4989,8,10.0,2,2,none,Y,not filled in,^^,N
1.4,4,40.4989,5,10.0,2,2,none,N,Derived 5-cycle label,N,N
,4,33.9733,5,10.0,2,2,No,N,Derived 5-cycle label,N,N
6.0,8,15.9434,6,85.0,1,1,No,Y,not filled in,N,N
1.6,4,39.4613,6,10.0,2,2,No,N,not filled in,^^,N
,6,28.3124,9,10.0,2,2,No,Y,Derived 5-cycle label,N,N
,8,23.3836,6,15.0,2,2,none,N,Derived 5-cycle label,N,N
2.0,4,47.7243,8,,2,2,No,,not filled in,^^,N
2.4,4,34.0327,6,10.0,2,2,No,Y,not filled in,^^,N
,6,30.0497,6,10.0,2,2,No,Y,Derived 5-cycle label,Y,N
1.8,4,45.8463,1,15.0,2,2,No,,not filled in,N,N
3.4,6,31.5932,7,10.0,2,2,none,N,Derived 5-cycle label,N,N
2.5,4,54.8426,1,15.0,2,2,none,,Derived 5-cycle label,N,N
2.4,4,32.6932,9,10.0,2,2,none,Y,Derived 5-cycle label,N,N
1.6,4,41.1172,6,10.0,2,2,No,Y,not filled in,^^,N
5.0,8,22.7512,8,10.0,2,2,Yes,,not filled in,N,N
2.5,4,34.9149,6,15.0,2,2,No,   ,Derived 5-cycle label,^^,N
5.4,8,16.4149,4,85.0,1,1,No,Y,not filled in,^^,N
3.7,6,28.4216,7,10.0,2,2,No,,not filled in,^^,N
3.5,6,29.3878,8,15.0,2,2,No,   ,Vehicle Specific 5-cycle label,^^,N
1.0,3,50.283,5,10.0,2,2,none,N,not filled in,^^,N
1.4,4,44.3585,6,10.0,2,2,No,   ,Derived 5-cycle label,^^,N
2.4,4,34.0888,6,10.0,2,2,No,Y,Derived 5-cycle label,N,N
3.0,6,30.2743,8,10.0,2,2,none,Y,Derived 5-cycle label,^^,N
1.6,4,34.2087,6,15.0,2,2,No,Y,not filled in,^^,N
,6,26.4254,7,10.0,2,2,No,Y,Derived 5-cycle label,N,N
,8,20.4895,6,85.0,2,1,No,Y,Derived 5-cycle label,N,N
3.6,6,29.1393,6,85.0,2,2,No,   ,Derived 5-cycle label,^^,N
,4,37.1622,6,10.0,2,2,No,Y,not filled in,^^,N
3.7,6,29.0607,6,15.0,2,2,No,   ,Derived 5-cycle label,^^,N
,6,25.1131,6,15.0,2,2,No,Y,Derived 5-cycle label,N,N
,4,30.7928,6,85.0,2,2,No,Y,not filled in,N,N
,8,22.0455,6,85.0,1,1,No,Y,Derived 5-cycle label,Y,N
4.3,6,24.3306,6,85.0,1,1,No,Y,not filled in,Y,N
,8,20.6321,6,85.0,1,1,none,Y,Derived Vehicle Specific 5-cycle Calculation Approach for city label but Modified 5-cycle Calculation Approach for Highway label,Y,N
4.3,8,20.1117,7,10.0,2,2,none,N,not filled in,N,N
,6,24.7921,6,10.0,2,2,none,Y,Derived 5-cycle label,N,N
3.0,6,29.5315,6,10.0,2,2,none,   ,Derived 5-cycle label,N,N
,6,30.3451,6,10.0,2,2,No,   ,Derived 5-cycle label,N,N
,4,37.301,1,10.0,2,2,No,   ,Derived 5-cycle label,^^,N
2.0,4,33.3719,6,10.0,2,2,No,Y,Derived 5-cycle label,^^,N
1.5,4,42.6067,5,10.0,2,2,No,N,not filled in,^^,N
1.8,4,35.8448,6,10.0,2,2,No,   ,Derived 5-cycle label,N,N
2.0,4,36.4476,6,10.0,2,2,No,,Derived 5-cycle label,N,N
6.2,8,14.1502,6,10.0,2,2,No,   ,Derived 5-cycle label,N,N
3.0,6,31.0274,8,10.0,2,2,Yes,   ,not filled in,N,N
2.0,4,26.3745,6,10.0,2,2,No,N,Vehicle Specific 5-cycle label,N,N
2.0,4,38.384,6,10.0,2,2,No,Y,not filled in,^^,N
1.6,4,39.4028,6,15.0,2,2,No,N,not filled in,^^,N
3.0,6,30.745,6,10.0,2,2,Yes,N,not filled in,N,N
3.0,6,26.9372,7,10.0,2,2,none,Y,Vehicle Specific 5-cycle label,N,N
2.0,4,36.7564,5,10.0,2,2,No,   ,not filled in,N,N
3.8,6,21.6822,7,10.0,2,2,none,   ,Derived 5-cycle label,^^,N
1.6,4,41.3654,6,10.0,2,2,No,   ,not filled in,^^,N
2.4,4,34.1977,5,10.0,2,2,No,Y,not filled in,N,N
1.6,4,39.6538,6,10.0,2,2,none,Y,Derived 5-cycle label,N,N
,8,18.2022,5,85.0,2,2,No,Y,Derived 5-cycle label,N,N
,8,21.6758,8,10.0,1,1,No,   ,Derived 5-cycle label,Y,N
3.0,6,26.6245,6,10.0,2,2,No,,not filled in,N,N
2.5,4,57.3951,1,15.0,2,2,Yes,,Derived 5-cycle label,N,N
2.0,4,Mod,6,,2,2,none,,Derived 5-cycle label,N,N
2.5,4,29.6074,6,15.0,2,2,No,Y,Derived 5-cycle label,N,N
,8,23.7829,7,10.0,2,2,none,Y,Vehicle Specific 5-cycle label,N,N
1.5,4,51.1079,7,10.0,2,2,none,Y,Derived 5-cycle label,N,N
3.5,6,27.7537,1,10.0,2,2,No,   ,Derived 5-cycle label,N,N
3.4,6,28.6906,7,10.0,2,2,none,N,Derived 5-cycle label,N,N
3.5,6,28.6016,6,15.0,2,2,No,Y,Derived 5-cycle label,N,N
3.0,6,24.4063,6,10.0,2,2,No,N,not filled in,N,N
,4,40.0906,6,10.0,2,2,No,Y,Derived 5-cycle label,N,N
5.2,10,19.276,6,10.0,2,2,none,Y,not filled in,^^,N
2.4,4,32.166,6,10.0,2,2,none,N,not filled in,N,N
2.0,4,34.8128,6,10.0,2,2,No,Y,Vehicle Specific 5-cycle label,^^,N
,6,25.2471,6,10.0,2,2,No,Y,Derived 5-cycle label,N,N
3.8,6,28.5856,7,10.0,2,2,none,   ,Derived 5-cycle label,N,N
2.4,4,33.8485,5,10.0,2,2,No,   ,not filled in,^^,N
4.4,8,24.2137,8,10.0,2,2,none,   ,Derived 5-cycle label,N,N
3.0,6,23.957,8,15.0,2,2,none,Y,Vehicle Specific 5-cycle label,N,N
4.0,6,23.0853,5,10.0,2,2,No,   ,Derived 5-cycle label,^^,N
3.5,6,27.415,6,10.0,2,2,none,Y,not filled in,N,N
3.0,6,24.5721,8,10.0,2,2,Yes,,not filled in,^^,N
,4,32.6645,6,10.0,2,2,No,,Derived 5-cycle label,N,N
4.4,8,24.2137,8,10.0,2,2,Yes,,not filled in,N,N
,8,18.1756,5,10.0,2,2,No,Y,not filled in,N,N
2.5,4,39.2084,6,10.0,2,2,No,,Derived 5-cycle label,^^,N
6.5,12,15.6681,7,10.0,2,2,none,Y,Vehicle Specific 5-cycle label,Y,N
2.4,4,28.4695,6,10.0,2,2,No,   ,not filled in,N,N
,6,36.8664,8,,2,2,Yes,,Vehicle Specific 5-cycle label,N,N
3.6,6,26.7474,6,85.0,2,2,No,Y,Derived 5-cycle label,N,N
6.2,8,20.4428,6,10.0,1,1,No,,not filled in,N,N
3.5,6,27.6812,6,15.0,2,2,No,   ,Derived 5-cycle label,^^,N
2.0,4,34.2607,7,10.0,2,2,none,Y,not filled in,^^,N
5.0,8,23.3026,6,10.0,2,2,none,Y,Derived 5-cycle label,N,N
,6,41.646,8,15.0,2,2,Yes,,Vehicle Specific 5-cycle label,^^,N
,6,24.7683,8,10.0,2,2,Yes,Y,Derived 5-cycle label,N,N
,4,36.7729,6,10.0,2,2,No,,Derived 5-cycle label,N,N
3.5,6,29.6324,7,10.0,2,2,none,Y,not filled in,N,N
,6,31.6963,7,10.0,2,2,none,Y,Derived 5-cycle label,N,N
5.7,8,18.9543,6,85.0,2,2,No,Y,Derived 5-cycle label,N,N
3.4,6,28.5578,7,10.0,2,2,none,N,Derived 5-cycle label,^^,N
2.0,4,34.399,6,10.0,2,2,No,Y,Vehicle Specific 5-cycle label,^^,N
5.5,8,28.7162,7,10.0,2,2,none,Y,not filled in,^^,N
1.6,4,41.84,6,10.0,2,2,No,   ,not filled in,^^,N
,8,20.657,8,85.0,2,2,Yes,Y,Derived 5-cycle label,N,N
2.4,4,32.4809,5,10.0,2,2,No,,not filled in,N,N
1.6,4,36.2557,6,10.0,2,2,No,N,not filled in,^^,N
3.6,6,25.9349,6,10.0,2,2,No,Y,Derived 5-cycle label,N,N
3.6,6,28.1841,6,85.0,2,2,none,Y,Derived 5-cycle label,N,N
2.0,4,40.2268,1,10.0,2,2,No,   ,Derived 5-cycle label,N,N
4.8,8,23.9679,7,10.0,2,2,Yes,   ,Derived 5-cycle label,N,N
,4,39.4431,6,10.0,2,2,No,N,not filled in,N,N
2.0,4,34.001,6,10.0,2,2,No,N,Vehicle Specific 5-cycle label,^^,N
1.6,4,34.991,6,10.0,2,2,No,,not filled in,N,N
3.7,6,22.7041,6,85.0,2,2,No,   ,Derived 5-cycle label,^^,N
4.0,8,23.5959,8,10.0,2,2,none,Y,not filled in,Y,N
,6,25.2654,8,85.0,1,1,No,   ,Derived 5-cycle label,^^,N
,6,28.6032,8,10.0,2,2,Yes,Y,Derived 5-cycle label,N,N
4.6,8,17.2524,4,,1,1,No,Y,Derived 5-cycle label,^^,N
3.5,6,28.9267,6,10.0,2,2,none,   ,Derived 5-cycle label,N,N
3.5,6,26.0815,6,15.0,2,2,No,,not filled in,N,N
,4,40.9233,6,10.0,2,2,none,N,Derived 5-cycle label,N,N
1.6,4,35.9089,6,10.0,2,2,No,Y,not filled in,^^,N
1.5,4,54.8646,7,10.0,1,1,No,Y,not filled in,Y,N
,6,27.3422,7,10.0,2,2,Yes,   ,Derived Vehicle Specific 5-cycle Calculation Approach for city label but Modified 5-cycle Calculation Approach for Highway label,^^,N
3.8,6,25.7642,7,10.0,2,2,none,N,not filled in,^^,N
3.5,6,28.1518,7,10.0,2,2,Yes,Y,Derived Vehicle Specific 5-cycle Calculation Approach for city label but Modified 5-cycle Calculation Approach for Highway label,N,N
4.4,8,25.3787,8,10.0,2,2,Yes,,Derived 5-cycle label,N,N
,6,23.6875,5,10.0,2,2,No,Y,Derived Vehicle Specific 5-cycle Calculation Approach for city label but Modified 5-cycle Calculation Approach for Highway label,N,N
1.2,3,50.5419,5,10.0,2,2,No,N,not filled in,^^,N
,8,19.4738,7,10.0,2,2,No,Y,Vehicle Specific 5-cycle label,^^,N
2.0,4,29.3742,8,15.0,2,2,No,,Vehicle Specific 5-cycle label,^^,N
,6,27.855,6,10.0,2,2,none,N,Derived 5-cycle label,N,N
,4,32.317,6,15.0,2,2,No,Y,not filled in,N,N
,4,34.6771,5,10.0,1,1,No,N,Vehicle Specific 5-cycle label,^^,N
3.5,6,28.2183,6,10.0,2,2,none,Y,not filled in,N,N
,4,40.9469,4,10.0,2,2,No,Y,not filled in,^^,N
,4,28.3382,9,10.0,2,2,No,Y,Derived 5-cycle label,N,N
3.0,6,37.7304,8,,2,2,Yes,Y,not filled in,^^,N
,8,16.6605,6,10.0,1,1,No,Y,Derived 5-cycle label,N,N
2.0,4,31.7515,6,15.0,2,2,No,Y,Derived 5-cycle label,N,N
,4,34.3345,6,10.0,2,2,No,Y,Derived 5-cycle label,^^,N
1.6,4,39.6659,6,10.0,2,2,No,Y,not filled in,^^,N
,6,28.9852,8,10.0,2,2,Yes,,Derived 5-cycle label,N,N
5.6,8,18.8748,5,85.0,2,2,none,Y,Derived 5-cycle label,N,N
,8,16.5667,7,10.0,2,2,No,Y,Derived 5-cycle label,N,N
3.6,6,27.1436,6,10.0,2,2,none,Y,Derived 5-cycle label,^^,N
7.0,8,19.4719,6,10.0,1,1,No,N,not filled in,^^,N
5.7,8,21.6407,8,10.0,1,1,No,Y,Derived 5-cycle label,Y,N
5.7,8,22.6721,5,10.0,1,1,No,,Derived 5-cycle label,Y,N
2.5,6,32.0641,6,10.0,2,2,none,   ,Derived 5-cycle label,^^,N
2.4,4,31.3617,6,10.0,2,2,No,Y,not filled in,^^,N
2.0,4,32.9995,8,10.0,2,2,none,Y,Derived 5-cycle label,N,N
,4,29.6382,6,10.0,2,2,No,Y,Derived 5-cycle label,N,N
1.6,4,39.6538,6,10.0,2,2,No,Y,not filled in,N,N
,8,22.0455,6,85.0,1,1,No,Y,not filled in,^^,N
3.8,6,27.8027,7,10.0,2,2,none,N,Derived 5-cycle label,N,N
,6,33.1162,8,,2,2,No,Y,not filled in,N,N
,6,33.4878,8,10.0,2,2,none,Y,Derived 5-cycle label,N,N
,6,26.4813,6,15.0,2,2,No,   ,Derived 5-cycle label,N,N
1.4,4,40.8578,6,10.0,2,2,No,   ,not filled in,N,N
3.5,6,30.8441,6,10.0,2,2,No,Y,Derived 5-cycle label,^^,N
5.4,8,16.9609,4,85.0,1,1,No,   ,Derived 5-cycle label,^^,N
,8,18.413,6,85.0,1,1,none,Y,Derived 5-cycle label,Y,N
2.0,4,33.9733,5,10.0,2,2,No,N,not filled in,^^,N
5.7,8,23.404,5,10.0,1,1,No,,not filled in,^^,N
6.0,12,18.1658,8,85.0,2,2,No,   ,Vehicle Specific 5-cycle label,^^,N
2.4,4,29.9192,6,15.0,2,2,none,Y,Derived Vehicle Specific 5-cycle Calculation Approach for city label but Modified 5-cycle Calculation Approach for Highway label,N,N
,4,39.4431,6,10.0,2,2,none,N,Derived 5-cycle label,N,N
,6,28.1018,7,10.0,2,2,No,Y,Derived 5-cycle label,N,N
2.4,4,33.086,5,10.0,2,2,none,Y,Derived 5-cycle label,N,N
,8,18.5105,6,85.0,2,2,No,Y,Derived 5-cycle label,N,N
,8,20.4637,8,10.0,1,1,No,Y,Derived 5-cycle label,^^,N
1.8,4,42.142,6,15.0,2,2,No,,Derived 5-cycle label,N,N
3.6,6,25.3256,6,85.0,2,2,No,Y,not filled in,^^,N
4.0,8,24.4081,8,10.0,2,2,Yes,   ,Vehicle Specific 5-cycle label,^^,N
1.6,4,39.4431,6,10.0,2,2,none,N,Derived 5-cycle label,^^,N
2.5,4,32.1497,5,10.0,2,2,No,   ,Derived Vehicle Specific 5-cycle Calculation Approach for city label but Modified 5-cycle Calculation Approach for Highway label,N,N
3.8,6,27.8049,8,10.0,2,2,No,,Derived 5-cycle label,^^,N
3.0,6,26.8955,7,10.0,2,2,Yes,,Derived 5-cycle label,N,N
,6,27.619,8,15.0,2,2,No,   ,Derived 5-cycle label,^^,N
2.0,4,34.8841,6,15.0,2,2,No,N,not filled in,^^,N
2.0,4,Mod,6,,2,2,No,N,Derived 5-cycle label,^^,N
2.0,4,33.2237,6,10.0,2,2,none,Y,Vehicle Specific 5-cycle label,N,N
,8,20.2022,7,10.0,2,2,none,Y,Derived 5-cycle label,N,N
3.0,6,25.3494,7,10.0,2,2,none,   ,Derived 5-cycle label,N,N
1.8,4,39.2527,4,10.0,2,2,No,   ,not filled in,^^,N
4.8,8,23.5293,7,10.0,2,2,none,,Derived 5-cycle label,N,N
4.5,8,18.3593,7,10.0,2,2,none,   ,Derived 5-cycle label,N,N
3.8,6,27.7487,7,10.0,2,2,none,N,not filled in,N,N
2.4,4,38.9799,7,10.0,2,2,No,   ,Derived 5-cycle label,^^,N
3.5,6,26.7001,5,10.0,2,2,No,Y,not filled in,^^,N
3.5,6,28.7955,7,85.0,2,2,Yes,   ,not filled in,^^,N
2.0,4,34.5365,6,15.0,2,2,No,,not filled in,^^,N
,8,18.6918,6,85.0,2,1,No,Y,not filled in,N,N
,8,22.0455,6,85.0,1,1,No,   ,Derived 5-cycle label,Y,N
2.4,4,31.6475,4,10.0,2,2,No,,not filled in,^^,N
3.0,6,31.0274,8,10.0,2,2,Yes,,not filled in,^^,N
4.0,6,22.2404,5,10.0,2,2,No,   ,Derived 5-cycle label,N,N
3.7,6,25.8675,7,10.0,2,2,none,,Derived 5-cycle label,N,N
1.6,4,40.7605,6,10.0,2,2,No,   ,not filled in,^^,N
3.6,6,29.1393,6,85.0,2,2,No,,not filled in,^^,N
,4,40.2293,1,10.0,2,2,No,,Derived 5-cycle label,^^,N
5.7,8,23.1399,6,10.0,1,1,none,,Derived Vehicle Specific 5-cycle Calculation Approach for city label but Modified 5-cycle Calculation Approach for Highway label,^^,N
,6,26.1953,6,10.0,2,2,No,N,not filled in,N,N
,4,29.7169,6,10.0,2,2,No,Y,Derived 5-cycle label,N,N
,6,25.5488,8,10.0,2,2,Yes,Y,Derived Vehicle Specific 5-cycle Calculation Approach for city label but Modified 5-cycle Calculation Approach for Highway label,^^,N
,8,21.29,6,10.0,1,1,No,Y,Derived 5-cycle label,Y,N
1.6,4,33.1801,6,15.0,2,2,No,Y,Derived 5-cycle label,^^,N
2.4,4,30.8645,6,10.0,2,2,No,   ,Derived 5-cycle label,^^,N
1.8,4,34.7057,7,10.0,2,2,none,Y,not filled in,^^,N
3.6,6,25.9349,6,85.0,2,2,none,Y,Derived 5-cycle label,N,N
3.6,6,24.2663,8,10.0,2,2,No,Y,Derived 5-cycle label,N,N
2.5,5,31.6669,5,10.0,2,2,No,,Vehicle Specific 5-cycle label,^^,N
1.6,4,39.6659,6,10.0,2,2,none,Y,Derived 5-cycle label,N,N
3.0,6,24.9226,6,85.0,2,2,none,Y,Derived 5-cycle label,N,N
4.7,8,19.4895,6,10.0,2,2,none,   ,Derived 5-cycle label,N,N
,6,24.1906,6,10.0,2,2,No,Y,not filled in,N,N
5.3,8,23.4498,6,85.0,1,1,No,Y,not filled in,Y,N
2.0,4,41.3005,6,15.0,2,2,No,   ,not filled in,^^,N
,8,25.3787,8,10.0,2,2,Yes,Y,Derived 5-cycle label,^^,N
,6,38.5681,6,15.0,2,2,Yes,N,not filled in,^^,N
3.4,6,28.5822,7,10.0,2,2,none,N,Derived 5-cycle label,N,N
5.5,8,23.1471,7,10.0,2,2,Yes,Y,not filled in,^^,N
5.3,8,18.3252,4,85.0,1,1,No,   ,Derived 5-cycle label,N,N
4.7,8,20.5806,7,10.0,2,2,none,N,Derived 5-cycle label,N,N
,4,32.3665,5,10.0,2,2,none,N,Derived 5-cycle label,N,N
1.2,4,46.5881,5,10.0,2,2,none,N,Derived 5-cycle label,N,N
2.0,4,37.1121,5,10.0,2,2,none,N,not filled in,^^,N
2.0,4,33.9134,6,10.0,2,2,No,   ,Vehicle Specific 5-cycle label,^^,N
3.7,6,29.8002,6,15.0,2,2,none,Y,Derived 5-cycle label,N,N
1.6,4,39.4431,6,10.0,2,2,none,N,Derived 5-cycle label,N,N
1.4,4,41.1267,6,10.0,2,2,No,,not filled in,^^,N
2.0,4,34.3408,5,10.0,2,2,No,   ,Derived 5-cycle label,^^,N
2.0,4,33.2899,6,10.0,2,2,No,   ,not filled in,N,N
2.5,4,39.0003,6,10.0,2,2,Yes,Y,not filled in,^^,N
5.3,8,24.1547,6,85.0,1,1,No,Y,not filled in,^^,N
,4,30.2655,6,10.0,2,2,none,Y,Derived 5-cycle label,N,N
,8,20.4857,6,85.0,2,1,No,   ,Derived 5-cycle label,N,N
2.4,4,30.7482,6,10.0,2,2,No,,Derived 5-cycle label,^^,N
3.7,6,27.2739,6,15.0,2,2,none,,Derived 5-cycle label,N,N
,4,32.8549,6,15.0,2,2,No,   ,Derived 5-cycle label,N,N
1.8,4,41.6456,5,10.0,2,2,No,N,not filled in,^^,N
2.4,4,30.7928,6,10.0,2,2,No,Y,not filled in,^^,N
3.5,6,28.9473,7,10.0,2,2,No,Y,not filled in,N,N
2.0,4,33.2404,6,10.0,2,2,No,   ,not filled in,^^,N
,4,27.8973,1,10.0,2,2,No,   ,Derived 5-cycle label,^^,Y
,6,38.6897,6,15.0,2,2,Yes,N,Vehicle Specific 5-cycle label,N,N
,8,21.6358,8,10.0,2,2,none,Y,Vehicle Specific 5-cycle label,Y,N
,4,30.4846,9,10.0,2,2,No,   ,Derived 5-cycle label,N,N
6.6,12,19.3314,8,10.0,2,2,No,,not filled in,N,N
,6,25.7642,7,10.0,2,2,none,N,Derived 5-cycle label,N,N
3.6,6,29.8923,8,85.0,2,2,No,   ,Derived 5-cycle label,N,N
2.0,4,34.1594,8,10.0,2,2,none,Y,Derived 5-cycle label,N,N
,4,24.3741,6,10.0,2,2,No,Y,not filled in,^^,N
1.4,4,40.434,6,10.0,2,2,No,N,Derived 5-cycle label,^^,N
3.0,6,Mod,8,,2,2,Yes,   ,Vehicle Specific 5-cycle label,N,N
,4,36.8855,6,10.0,2,2,No,,Derived 5-cycle label,N,N
3.6,6,24.1943,6,10.0,2,2,No,,not filled in,N,N
4.4,8,24.2137,8,10.0,2,2,Yes,,Derived 5-cycle label,^^,N
1.5,4,63.7285,1,10.0,1,1,Yes,   ,not filled in,^^,N
3.5,6,29.4792,7,10.0,2,2,Yes,,Derived 5-cycle label,N,N
,6,35.3246,8,,2,2,Yes,Y,Derived 5-cycle label,N,N
2.0,4,34.5365,6,15.0,2,2,No,,Derived 5-cycle label,^^,N
3.8,6,29.1356,7,10.0,2,2,none,   ,Derived 5-cycle label,N,N
1.6,4,32.2775,6,15.0,2,2,No,Y,not filled in,N,N
3.8,6,28.5037,7,10.0,2,2,none,   ,Derived 5-cycle label,^^,N
1.6,4,32.9002,6,10.0,2,2,No,Y,Derived 5-cycle label,^^,N
1.8,4,44.6873,1,10.0,2,2,none,Y,not filled in,^^,N
3.0,6,33.4878,8,10.0,2,2,Yes,Y,not filled in,^^,N
3.5,6,30.2852,7,10.0,2,2,Yes,Y,not filled in,^^,N
5.0,8,20.3113,6,85.0,2,2,No,Y,not filled in,N,N
6.0,12,18.1658,8,85.0,2,2,none,Y,Vehicle Specific 5-cycle label,N,N
2.0,4,35.2258,8,10.0,2,2,none,N,not filled in,N,N
3.6,6,27.5271,7,10.0,2,2,none,,Derived 5-cycle label,N,N
,8,20.0593,8,85.0,2,2,none,Y,Derived 5-cycle label,N,N
1.4,4,35.7754,6,10.0,2,2,none,,Derived 5-cycle label,N,N
1.6,4,32.3213,6,10.0,2,2,No,   ,not filled in,^^,N
6.8,10,14.8714,5,15.0,1,1,No,Y,Derived 5-cycle label,^^,N
1.5,4,38.9194,6,15.0,2,2,Yes,   ,Derived 5-cycle label,^^,N
,6,27.9077,6,15.0,2,2,No,,Vehicle Specific 5-cycle label,^^,N
,4,37.3147,1,10.0,2,2,No,   ,Derived 5-cycle label,^^,N
,6,25.5437,6,10.0,2,2,No,   ,Vehicle Specific 5-cycle label,N,N
1.8,4,44.1614,7,10.0,2,2,none,Y,not filled in,^^,N
3.5,6,30.0207,7,10.0,2,2,Yes,   ,not filled in,N,N
,4,30.7928,6,10.0,2,2,none,Y,Derived 5-cycle label,N,N
1.4,4,43.9612,6,10.0,2,2,No,   ,Derived 5-cycle label,^^,N
5.4,8,17.5419,4,85.0,1,1,none,Y,Derived 5-cycle label,N,N
,6,22.3063,6,10.0,2,2,No,   ,Derived Vehicle Specific 5-cycle Calculation Approach for city label but Modified 5-cycle Calculation Approach for Highway label,^^,N
3.5,6,40.2612,7,10.0,2,2,Yes,   ,Derived 5-cycle label,^^,N
2.7,4,28.4517,4,10.0,2,2,none,,Derived Vehicle Specific 5-cycle Calculation Approach for city label but Modified 5-cycle Calculation Approach for Highway label,N,N
6.8,10,14.1292,5,15.0,1,1,No,Y,Derived 5-cycle label,^^,N
,8,18.6918,6,85.0,2,1,No,Y,not filled in,N,N
,4,31.3347,6,15.0,2,2,No,Y,Derived 5-cycle label,N,N
,8,19.0372,6,10.0,2,2,No,Y,Derived 5-cycle label,N,N
4.0,6,23.3652,6,10.0,2,2,No,   ,Derived 5-cycle label,^^,N
1.4,4,40.022,6,10.0,2,2,none,Y,Derived 5-cycle label,^^,N
,6,25.1131,6,15.0,2,2,No,Y,Derived 5-cycle label,N,N
5.0,8,22.1296,6,85.0,2,2,No,,Derived 5-cycle label,^^,N
,6,29.3582,8,10.0,2,2,Yes,,Derived 5-cycle label,N,N
,4,38.3561,5,10.0,2,2,No,N,Vehicle Specific 5-cycle label,^^,N
,8,18.2254,6,10.0,2,2,No,   ,Derived 5-cycle label,N,N
3.0,6,29.8951,6,10.0,2,2,Yes,N,not filled in,^^,N
3.0,6,23.597,8,10.0,2,2,none,,Derived 5-cycle label,^^,N
3.5,6,33.3565,7,10.0,2,2,No,   ,Derived 5-cycle label,N,N
3.5,6,25.3675,6,15.0,2,2,No,Y,not filled in,^^,N
,4,37.673,6,10.0,2,2,No,Y,Derived 5-cycle label,^^,N
1.8,4,39.4158,5,10.0,2,2,No,   ,Derived 5-cycle label,^^,N
,8,20.9921,6,85.0,1,1,No,Y,not filled in,Y,N
2.4,4,31.6475,4,10.0,2,2,No,,Derived 5-cycle label,^^,N
,6,24.1463,6,85.0,2,2,No,   ,Derived 5-cycle label,N,N
4.4,8,24.2137,8,10.0,2,2,Yes,   ,Derived 5-cycle label,^^,N
1.6,4,39.4431,6,10.0,2,2,none,   ,Derived 5-cycle label,N,N
3.8,6,23.4292,6,10.0,2,2,none,   ,Vehicle Specific 5-cycle label,^^,N
2.5,4,27.3942,5,10.0,2,2,No,   ,Derived 5-cycle label,N,N
,6,25.263,7,10.0,2,2,none,Y,Derived 5-cycle label,N,N
4.7,8,26.8436,7,10.0,2,2,Yes,,not filled in,^^,N
3.6,6,25.7627,6,10.0,2,2,No,,not filled in,^^,N
,6,21.7905,6,10.0,2,2,No,N,not filled in,N,N
,12,17.5048,7,10.0,2,2,Yes,N,Derived 5-cycle label,N,N
,6,31.1634,8,,2,2,No,   ,Derived 5-cycle label,N,N
3.5,6,35.4068,7,10.0,2,2,none,,Vehicle Specific 5-cycle label,^^,N
,8,21.9963,8,10.0,2,2,No,   ,Derived Vehicle Specific 5-cycle Calculation Approach for city label but Modified 5-cycle Calculation Approach for Highway label,^^,N
6.2,8,21.29,6,10.0,1,1,No,Y,Derived 5-cycle label,Y,N
2.4,4,51.5229,6,10.0,2,2,No,,Derived 5-cycle label,^^,N
3.8,6,25.7642,7,10.0,2,2,none,N,not filled in,N,N
4.6,8,18.674,4,15.0,1,1,none,Y,Vehicle Specific 5-cycle label,N,N
6.2,8,19.3238,7,10.0,2,2,none,Y,not filled in,N,N
4.7,8,26.2512,7,10.0,2,2,Yes,   ,not filled in,^^,N
1.6,4,39.6538,6,10.0,2,2,none,Y,Derived 5-cycle label,^^,N
3.0,6,27.541,6,10.0,2,2,No,   ,Derived 5-cycle label,N,N
,6,24.5767,5,10.0,2,2,No,Y,not filled in,^^,N
5.0,8,24.2207,6,15.0,2,2,none,N,Derived 5-cycle label,N,N
,8,18.7483,6,10.0,2,2,No,   ,Derived 5-cycle label,N,N
2.4,4,29.8745,6,10.0,2,2,none,Y,Derived 5-cycle label,N,N
2.0,4,32.8768,6,10.0,1,1,No,Y,Vehicle Specific 5-cycle label,^^,N
4.0,8,27.0553,8,10.0,2,2,Yes,Y,not filled in,^^,N
5.5,8,22.859,7,10.0,2,2,none,,Derived 5-cycle label,N,N
3.6,6,24.2663,8,85.0,2,2,No,Y,Derived 5-cycle label,N,N
6.7,12,17.4353,8,10.0,2,2,No,Y,not filled in,^^,N
,4,32.1189,6,10.0,2,2,No,N,Derived 5-cycle label,N,N
,6,26.9288,7,10.0,2,2,none,Y,Derived 5-cycle label,N,N
,4,30.8588,8,85.0,2,2,none,Y,Derived 5-cycle label,N,N
5.5,8,22.5449,7,10.0,2,2,Yes,   ,Derived 5-cycle label,N,N
,4,37.6303,7,10.0,2,2,Yes,Y,Derived 5-cycle label,N,N
3.5,6,24.2977,6,15.0,2,2,No,Y,Derived 5-cycle label,N,N
,6,31.1731,6,10.0,2,2,none,N,Derived 5-cycle label,N,N
4.0,6,23.5655,5,10.0,2,2,No,Y,Derived 5-cycle label,N,N
6.2,8,19.3238,7,10.0,2,2,none,   ,Derived 5-cycle label,N,N
3.6,6,27.4522,6,10.0,2,2,No,   ,Derived 5-cycle label,^^,N
,6,26.7775,6,10.0,2,2,No,   ,Vehicle Specific 5-cycle label,N,N
,8,21.575,6,10.0,1,1,No,Y,Derived 5-cycle label,Y,N
,4,59.4281,1,15.0,2,2,Yes,,Derived 5-cycle label,^^,N
3.5,6,26.9759,6,15.0,2,2,No,Y,Derived 5-cycle label,N,N
4.0,6,22.0264,6,10.0,2,2,No,   ,Derived 5-cycle label,N,N
,6,23.3895,5,10.0,2,2,No,Y,Derived 5-cycle label,^^,N
,6,25.2654,8,85.0,1,1,No,Y,Derived 5-cycle label,N,N
1.4,4,40.8578,6,10.0,2,2,No,Y,Derived 5-cycle label,^^,N
2.0,4,28.2707,6,10.0,2,2,none,N,not filled in,N,N
2.7,6,33.6298,7,10.0,2,2,none,N,Derived 5-cycle label,N,N
3.0,6,30.2743,8,10.0,2,2,none,   ,Derived 5-cycle label,N,N
2.5,4,55.2288,6,15.0,2,2,Yes,,not filled in,^^,N
2.4,4,30.7482,6,10.0,2,2,No,,Derived 5-cycle label,^^,N
3.6,6,26.8704,6,10.0,2,2,No,   ,Derived 5-cycle label,^^,N
3.5,6,26.7017,6,15.0,2,2,none,Y,Derived 5-cycle label,N,N
,10,17.2308,6,10.0,2,2,none,N,Vehicle Specific 5-cycle label,N,N
2.5,5,31.8797,6,10.0,2,2,none,Y,Vehicle Specific 5-cycle label,^^,N
3.5,6,25.9132,6,10.0,2,2,none,N,not filled in,^^,N
3.7,6,22.7077,6,85.0,2,2,No,Y,not filled in,N,N
,6,27.5347,8,85.0,2,2,Yes,,Derived 5-cycle label,N,N
,6,26.3989,5,10.0,2,2,No,,Derived 5-cycle label,N,N
1.6,4,34.7341,6,10.0,2,2,none,,Derived 5-cycle label,N,N
1.4,4,40.8125,6,10.0,2,2,No,   ,Derived 5-cycle label,^^,N
3.0,6,30.893,8,10.0,2,2,none,Y,Derived 5-cycle label,^^,N
,6,26.6374,8,85.0,1,1,No,Y,Derived 5-cycle label,N,N
3.3,6,28.1656,6,10.0,2,2,No,,Vehicle Specific 5-cycle label,N,N
3.0,6,33.1643,8,10.0,2,2,Yes,Y,Vehicle Specific 5-cycle label,^^,N
,8,23.2929,7,10.0,2,2,No,,Vehicle Specific 5-cycle label,N,N
,4,31.7256,9,10.0,2,2,none,Y,Derived 5-cycle label,N,N
1.4,4,43.1946,6,10.0,2,2,none,,Derived 5-cycle label,^^,N
,6,22.2613,6,10.0,2,2,No,N,Derived 5-cycle label,N,N
6.3,12,16.7215,7,10.0,2,2,none,   ,Derived 5-cycle label,^^,N
1.6,4,36.1159,6,10.0,2,2,No,,Derived 5-cycle label,N,N
2.4,4,34.0888,6,10.0,2,2,none,Y,Derived 5-cycle label,N,N
3.8,6,25.7642,7,10.0,2,2,none,N,Derived 5-cycle label,N,N
3.6,6,25.6217,8,10.0,2,2,No,Y,Derived 5-cycle label,N,N
1.6,4,41.288,5,10.0,2,2,none,N,not filled in,^^,N
3.5,6,30.0517,6,10.0,2,2,No,Y,Derived 5-cycle label,^^,N
2.4,4,35.3371,6,10.0,2,2,No,,Derived 5-cycle label,^^,N
2.0,4,36.8857,8,10.0,2,2,No,N,Vehicle Specific 5-cycle label,^^,N
,8,20.6321,6,85.0,1,1,none,Y,Derived Vehicle Specific 5-cycle Calculation Approach for city label but Modified 5-cycle Calculation Approach for Highway label,Y,N
5.6,8,24.1237,7,10.0,2,2,No,,not filled in,^^,N
4.7,8,26.1974,7,10.0,2,2,none,Y,not filled in,N,N
,12,15.4573,7,10.0,2,1,No,N,Vehicle Specific 5-cycle label,N,N
3.5,6,30.3317,6,10.0,2,2,No,   ,Derived 5-cycle label,^^,N
,6,25.5437,6,10.0,2,2,No,Y,Vehicle Specific 5-cycle label,N,N
,10,17.7954,6,10.0,1,1,none,N,Vehicle Specific 5-cycle label,N,N
,4,40.402,7,10.0,2,2,Yes,Y,not filled in,^^,N
5.9,12,19.4,6,10.0,2,2,none,Y,not filled in,^^,N
5.0,8,16.7722,6,10.0,2,2,none,Y,Derived 5-cycle label,N,N
3.5,6,28.0872,6,15.0,2,2,none,Y,Derived 5-cycle label,N,N
2.0,4,39.4532,5,15.0,2,2,No,N,not filled in,^^,N
,6,24.6108,8,85.0,2,2,Yes,   ,Derived 5-cycle label,N,N
,6,28.3417,7,10.0,2,2,none,Y,Derived 5-cycle label,N,N
3.7,6,26.6186,7,10.0,2,2,none,Y,Derived 5-cycle label,N,N
6.2,8,18.2491,7,10.0,2,2,none,Y,Derived 5-cycle label,N,N
6.2,8,17.1148,6,15.0,1,1,none,Y,Derived 5-cycle label,N,N
2.0,4,Mod,6,,2,2,none,N,not filled in,N,N
2.0,4,31.4548,8,10.0,2,2,Yes,Y,not filled in,N,N
1.4,4,43.4096,6,10.0,2,2,none,,Derived 5-cycle label,^^,N
3.6,6,27.1436,6,10.0,2,2,No,   ,not filled in,N,N
,8,19.4895,6,10.0,2,2,none,N,Derived 5-cycle label,N,N
5.7,8,19.6419,6,10.0,1,1,No,Y,Derived 5-cycle label,^^,N
4.7,8,19.9146,6,10.0,2,2,none,Y,not filled in,^^,N
5.0,8,22.7512,8,85.0,2,2,Yes,,not filled in,^^,N
5.2,10,19.4796,7,10.0,2,2,none,   ,Vehicle Specific 5-cycle label,N,N
5.5,8,23.4146,7,10.0,2,2,Yes,   ,not filled in,^^,N
1.6,4,48.5038,1,10.0,2,2,none,Y,not filled in,^^,N
2.5,4,34.3617,6,10.0,2,2,No,Y,not filled in,N,N
2.4,4,32.2322,6,10.0,2,2,No,   ,not filled in,N,N
3.8,6,23.8365,8,10.0,2,2,none,Y,Vehicle Specific 5-cycle label,N,N
4.4,8,20.538,7,10.0,2,2,none,N,Derived 5-cycle label,^^,N
1.6,4,40.9233,6,10.0,2,2,No,N,not filled in,^^,N
,8,15.7792,6,85.0,1,1,No,Y,Derived 5-cycle label,N,N
2.4,4,30.7928,6,85.0,2,2,No,Y,not filled in,^^,N
,6,21.6024,5,10.0,2,2,No,Y,Derived 5-cycle label,N,N
3.5,6,26.8557,6,15.0,2,2,No,Y,not filled in,^^,N
3.7,6,27.5193,6,15.0,2,2,No,Y,Derived 5-cycle label,N,N
4.5,8,18.3593,7,10.0,2,2,none,N,Derived 5-cycle label,N,N
3.5,6,29.0822,6,10.0,2,2,No,   ,Derived 5-cycle label,^^,N
2.0,4,36.7729,6,10.0,2,2,No,,not filled in,^^,N
3.0,6,30.2743,8,10.0,2,2,none,Y,not filled in,N,N
3.0,6,37.7103,8,10.0,2,2,Yes,Y,not filled in,N,N
3.2,6,29.2278,9,10.0,2,2,No,Y,not filled in,^^,N
,6,25.809,5,10.0,2,2,No,Y,Derived 5-cycle label,Y,N
,8,20.9921,6,85.0,1,1,No,   ,Derived Vehicle Specific 5-cycle Calculation Approach for city label but Modified 5-cycle Calculation Approach for Highway label,^^,N
4.4,8,25.3787,8,10.0,2,2,Yes,   ,not filled in,N,N
2.4,4,32.6645,6,10.0,2,2,none,Y,not filled in,^^,N
6.2,8,20.4428,6,10.0,1,1,none,N,Derived 5-cycle label,^^,N
6.2,8,14.1502,6,10.0,2,2,No,Y,Derived 5-cycle label,N,N
2.4,4,34.0888,6,85.0,2,2,No,   ,Derived 5-cycle label,N,N
3.0,6,24.4063,6,10.0,2,2,none,N,Vehicle Specific 5-cycle label,N,N
2.5,4,31.8747,6,10.0,2,2,none,N,Derived Vehicle Specific 5-cycle Calculation Approach for city label but Modified 5-cycle Calculation Approach for Highway label,N,N
5.0,8,23.7643,8,10.0,2,2,none,Y,Derived 5-cycle label,^^,N
,6,25.4388,1,10.0,2,2,No,Y,Derived 5-cycle label,N,N
,4,29.965,6,15.0,2,2,No,Y,Derived Vehicle Specific 5-cycle Calculation Approach for city label but Modified 5-cycle Calculation Approach for Highway label,N,N
4.4,8,24.8022,8,10.0,2,2,Yes,,Derived 5-cycle label,N,N
2.0,4,32.6837,6,10.0,2,2,none,   ,Derived 5-cycle label,^^,N
3.0,6,30.745,6,10.0,2,2,Yes,N,not filled in,^^,N
5.3,8,18.3618,4,85.0,1,1,none,Y,Derived 5-cycle label,N,N
,6,25.9349,6,10.0,2,2,No,Y,Derived 5-cycle label,N,N
,8,22.0455,6,85.0,1,1,No,   ,Derived 5-cycle label,^^,N
,8,22.0455,6,85.0,1,1,No,Y,Derived 5-cycle label,Y,N
3.6,6,28.1841,6,85.0,2,2,No,   ,Derived 5-cycle label,N,N
1.3,4,58.928,7,10.0,1,1,No,   ,not filled in,^^,N
1.6,4,41.3746,5,15.0,2,2,none,   ,Derived 5-cycle label,N,N
,4,29.5577,6,10.0,2,2,No,Y,Derived 5-cycle label,N,N
4.0,8,25.389,7,10.0,2,2,No,   ,Vehicle Specific 5-cycle label,^^,N
,4,39.4431,6,10.0,2,2,none,N,Derived 5-cycle label,N,N
3.7,6,24.8867,6,85.0,2,2,none,,Derived 5-cycle label,N,N
2.0,4,37.326,5,10.0,2,2,No,N,not filled in,^^,N
2.0,4,33.2237,6,10.0,2,2,none,Y,Vehicle Specific 5-cycle label,^^,N
2.0,4,33.1736,6,10.0,2,2,none,N,not filled in,N,N
3.6,6,27.8124,6,10.0,2,2,No,,Derived 5-cycle label,N,N
2.4,4,33.0426,5,10.0,2,2,No,   ,Derived 5-cycle label,N,N
3.7,6,28.8503,6,15.0,2,2,none,N,not filled in,^^,N
,6,26.9826,7,10.0,2,2,Yes,   ,Derived 5-cycle label,N,N
,8,21.013,8,10.0,1,1,No,Y,Derived 5-cycle label,Y,N
,4,37.1622,6,10.0,2,2,No,Y,not filled in,^^,N
3.6,6,24.4714,6,10.0,2,2,No,Y,not filled in,^^,N
,8,22.4692,6,10.0,2,2,No,Y,not filled in,N,N
,8,22.1706,8,10.0,2,2,No,   ,Derived 5-cycle label,N,N
2.4,4,34.0888,6,85.0,2,2,No,Y,Derived 5-cycle label,^^,N
1.6,4,42.5882,6,15.0,2,2,none,Y,Derived 5-cycle label,N,N
2.4,4,33.635,5,10.0,2,2,No,   ,not filled in,N,N
3.5,6,22.5531,6,15.0,2,2,none,Y,Derived 5-cycle label,N,N
,6,28.6753,6,10.0,2,2,No,   ,Derived 5-cycle label,Y,N
,6,25.263,7,85.0,2,2,No,   ,Derived 5-cycle label,^^,N
4.7,8,26.163,7,10.0,2,2,Yes,Y,not filled in,^^,N
,10,16.8379,6,10.0,2,2,none,N,Vehicle Specific 5-cycle label,N,N
2.0,4,69.8931,1,10.0,2,2,Yes,   ,Derived Vehicle Specific 5-cycle Calculation Approach for city label but Modified 5-cycle Calculation Approach for Highway label,^^,N
1.6,4,40.9233,6,10.0,2,2,No,N,not filled in,^^,N
5.5,8,22.65,7,10.0,2,2,Yes,   ,not filled in,^^,N
,4,30.2655,6,10.0,2,2,none,Y,Derived 5-cycle label,N,N
,8,20.9921,6,85.0,1,1,No,Y,Derived Vehicle Specific 5-cycle Calculation Approach for city label but Modified 5-cycle Calculation Approach for Highway label,^^,N
2.0,4,35.6395,7,10.0,2,2,Yes,   ,not filled in,^^,N
,4,31.5709,6,10.0,2,2,No,N,Derived 5-cycle label,^^,N
1.6,4,41.2163,6,15.0,2,2,none,Y,Derived 5-cycle label,^^,N
,8,19.0572,8,10.0,1,1,No,   ,Derived 5-cycle label,Y,N
3.4,6,29.5284,6,10.0,2,2,none,N,not filled in,^^,N
3.6,6,24.5122,6,10.0,2,2,No,Y,not filled in,^^,N
3.7,6,27.5193,6,15.0,2,2,No,   ,Derived 5-cycle label,^^,N
,4,33.9354,5,10.0,2,2,none,N,Derived 5-cycle label,N,N
4.0,8,24.071,8,10.0,2,2,No,Y,Vehicle Specific 5-cycle label,^^,N
2.0,4,34.7312,6,10.0,2,2,none,N,Derived 5-cycle label,N,N
3.7,6,24.8373,6,10.0,2,2,none,N,Derived 5-cycle label,N,N
6.0,12,21.2675,7,10.0,2,1,none,   ,Derived 5-cycle label,N,N
4.0,6,23.1213,6,10.0,2,2,No,,Derived 5-cycle label,^^,N
2.5,4,36.1092,1,10.0,2,2,No,,not filled in,^^,N
,6,37.7304,8,,2,2,Yes,Y,Vehicle Specific 5-cycle label,^^,N
3.6,6,27.9923,8,10.0,2,2,No,,Derived 5-cycle label,^^,N
2.5,4,40.7049,6,10.0,2,2,No,,Derived 5-cycle label,^^,N
,6,24.4531,6,15.0,2,2,No,   ,Derived 5-cycle label,N,N
,4,43.9612,6,10.0,2,2,No,N,not filled in,N,N
,8,26.9406,8,15.0,2,2,Yes,,Vehicle Specific 5-cycle label,^^,N
,8,18.8533,5,10.0,2,2,No,Y,Derived 5-cycle label,N,N
2.0,4,31.4687,1,10.0,2,2,No,Y,Derived 5-cycle label,N,N
1.8,4,41.18,5,,2,2,none,Y,not filled in,^^,N
,8,19.6019,8,10.0,2,2,Yes,Y,not filled in,N,N
,8,17.0498,7,10.0,2,2,No,Y,Vehicle Specific 5-cycle label,N,N
2.0,4,33.2006,6,15.0,2,2,No,   ,Derived 5-cycle label,^^,N
,12,19.1935,8,10.0,2,2,No,,Vehicle Specific 5-cycle label,N,N
3.7,6,28.2709,7,10.0,2,2,No,   ,Derived 5-cycle label,^^,N
3.0,6,23.9607,8,10.0,2,2,No,   ,Derived 5-cycle label,^^,N
,6,Mod,8,,2,2,No,Y,Vehicle Specific 5-cycle label,N,N
3.0,6,29.921,8,10.0,2,2,none,Y,Derived 5-cycle label,N,N
3.0,6,31.0274,8,10.0,2,2,Yes,   ,not filled in,N,N
3.6,6,28.9863,6,85.0,2,2,No,,Derived 5-cycle label,^^,N
5.0,8,22.7512,8,10.0,2,2,Yes,   ,Derived 5-cycle label,N,N
5.3,8,18.3252,4,85.0,1,1,No,Y,Derived 5-cycle label,N,N
,4,29.901,6,15.0,2,2,No,   ,Derived 5-cycle label,N,N
1.6,4,39.6538,6,10.0,2,2,none,Y,not filled in,N,N
,6,23.7581,6,15.0,2,2,No,Y,not filled in,^^,N
3.5,6,43.1029,7,10.0,2,2,No,   ,not filled in,^^,N
4.4,8,24.7921,8,10.0,2,2,No,Y,Derived 5-cycle label,^^,N
3.0,6,33.4145,8,10.0,2,2,none,Y,Derived 5-cycle label,N,N
4.8,8,23.7927,7,10.0,2,2,Yes,   ,Derived 5-cycle label,N,N
1.4,4,46.2158,5,10.0,2,2,none,N,not filled in,^^,N
,3,42.6167,6,10.0,2,2,No,Y,not filled in,N,N
2.0,4,37.2455,6,10.0,2,2,No,Y,not filled in,^^,N
4.3,6,24.3528,6,85.0,1,1,No,Y,not filled in,Y,N
1.6,4,39.6538,6,10.0,2,2,none,   ,Derived 5-cycle label,N,N
,6,24.1906,6,10.0,2,2,No,   ,Derived 5-cycle label,N,N
2.0,4,45.9027,6,10.0,2,2,No,   ,not filled in,^^,N
4.0,6,24.5125,5,10.0,2,2,none,,Derived 5-cycle label,N,N
2.4,4,31.3617,6,10.0,2,2,No,Y,not filled in,^^,N
3.7,6,30.2506,6,15.0,2,2,none,Y,Derived 5-cycle label,N,N
2.0,4,36.5172,6,10.0,2,2,none,,Derived 5-cycle label,^^,N
,8,20.4428,6,10.0,1,1,No,N,not filled in,N,N
3.0,6,30.2743,8,10.0,2,2,Yes,   ,not filled in,N,N
6.6,12,18.7023,8,10.0,2,2,none,,Vehicle Specific 5-cycle label,N,N
4.5,8,18.6649,7,10.0,2,2,none,   ,Derived 5-cycle label,N,N
3.0,6,23.3195,8,10.0,2,2,No,,not filled in,^^,N
3.6,6,25.2919,6,10.0,2,2,No,Y,not filled in,^^,N
3.5,6,29.6061,6,15.0,2,2,No,,Derived 5-cycle label,N,N
2.5,4,36.3582,6,10.0,2,2,No,Y,not filled in,^^,N
,6,29.8951,6,10.0,2,2,Yes,N,not filled in,N,N
3.6,6,29.8923,8,85.0,2,2,No,,Derived 5-cycle label,^^,N
,6,26.9379,6,10.0,2,2,No,Y,Derived Vehicle Specific 5-cycle Calculation Approach for city label but Modified 5-cycle Calculation Approach for Highway label,N,N
,6,31.9688,6,15.0,2,2,No,,Derived 5-cycle label,^^,N
5.0,8,22.1329,6,85.0,2,2,No,   ,Derived 5-cycle label,N,N
3.6,6,25.6217,8,85.0,2,2,No,Y,not filled in,N,N
,6,Mod,8,,2,2,none,Y,Vehicle Specific 5-cycle label,N,N
5.9,12,19.4,6,10.0,2,2,none,Y,Derived 5-cycle label,N,N
,8,22.0455,6,85.0,1,1,No,Y,Derived 5-cycle label,^^,N
1.8,4,41.2528,4,15.0,2,2,No,,not filled in,^^,N
,8,17.0703,6,10.0,2,2,none,N,Vehicle Specific 5-cycle label,N,N
,6,24.6108,6,10.0,2,2,No,Y,Derived Vehicle Specific 5-cycle Calculation Approach for city label but Modified 5-cycle Calculation Approach for Highway label,N,N
6.3,12,16.5736,7,10.0,2,2,Yes,,not filled in,^^,N
2.0,4,34.5694,6,10.0,2,2,No,,not filled in,N,N
3.0,6,26.0123,8,85.0,2,2,Yes,,not filled in,^^,N
4.4,8,22.0246,6,10.0,2,2,Yes,   ,not filled in,N,N
3.5,6,28.3636,6,10.0,2,2,No,,Derived 5-cycle label,^^,N
,8,18.7398,6,10.0,2,2,No,Y,Derived 5-cycle label,^^,N
4.0,6,23.4074,5,10.0,2,2,No,   ,Derived Vehicle Specific 5-cycle Calculation Approach for city label but Modified 5-cycle Calculation Approach for Highway label,N,N
3.5,6,29.2907,7,10.0,2,2,Yes,,not filled in,^^,N
4.5,8,18.6649,7,10.0,2,2,none,   ,Derived 5-cycle label,N,N
2.0,4,36,6,10.0,2,2,No,   ,not filled in,^^,N
,6,27.812,8,10.0,2,2,Yes,,Derived 5-cycle label,N,N
1.8,4,40.4893,6,10.0,2,2,none,,Derived 5-cycle label,N,N
,8,22.3008,6,10.0,2,2,none,Y,Derived 5-cycle label,N,N
,6,23.8597,7,10.0,2,2,No,Y,not filled in,N,N
5.3,8,18.3618,4,85.0,1,1,No,   ,Derived 5-cycle label,^^,N
2.5,4,27.3942,5,10.0,2,2,No,N,Derived 5-cycle label,^^,N
1.8,4,46.8014,1,15.0,2,2,No,   ,Derived 5-cycle label,N,N
3.0,6,27.2497,8,10.0,2,2,none,Y,Vehicle Specific 5-cycle label,^^,N
1.5,4,46.0738,6,10.0,2,2,none,N,not filled in,^^,N
3.6,6,27.8126,6,10.0,2,2,none,Y,Derived 5-cycle label,^^,N
3.5,6,30.8051,7,10.0,2,2,none,Y,not filled in,^^,N
2.0,4,32.3653,6,15.0,2,2,No,Y,not filled in,^^,N
1.6,4,36.2895,6,10.0,2,2,No,,Derived 5-cycle label,N,N
2.0,4,35.4045,6,10.0,2,2,No,   ,Derived 5-cycle label,N,N
1.4,4,39.3546,6,10.0,2,2,No,N,not filled in,N,N
3.5,6,38.2417,7,10.0,2,2,No,   ,not filled in,^^,N
,4,43.6255,6,85.0,2,2,No,Y,not filled in,^^,N
5.7,8,22.6721,5,10.0,1,1,No,,Derived 5-cycle label,^^,N
2.0,4,54.9862,1,15.0,2,2,Yes,   ,Derived 5-cycle label,N,N
4.2,8,20.6087,7,10.0,2,2,none,Y,Vehicle Specific 5-cycle label,N,N
2.0,4,49.5694,8,,2,2,No,   ,not filled in,N,N
1.5,4,70.8548,1,15.0,2,2,Yes,N,Vehicle Specific 5-cycle label,^^,N
2.5,5,32.2178,6,10.0,2,2,No,Y,Vehicle Specific 5-cycle label,^^,N
5.7,8,20.4256,6,10.0,1,1,none,Y,Derived 5-cycle label,Y,N
,4,39.3004,5,10.0,2,2,No,N,not filled in,N,N
6.2,8,17.9556,6,10.0,1,1,No,Y,not filled in,^^,N
,6,29.8923,8,10.0,2,2,No,,Derived 5-cycle label,N,N
3.5,6,23.8196,6,15.0,2,2,No,   ,Derived 5-cycle label,N,N
3.6,6,28.9863,6,85.0,2,2,No,Y,not filled in,^^,N
5.7,8,22.3347,8,10.0,1,1,No,Y,Derived 5-cycle label,Y,N
3.0,6,27.9258,8,10.0,2,2,Yes,Y,not filled in,^^,N
5.9,12,19.4,6,10.0,2,2,none,Y,Derived 5-cycle label,N,N
4.8,8,16.6993,6,10.0,1,1,none,Y,Derived 5-cycle label,N,N
2.0,4,32.1852,6,10.0,2,2,none,,Derived 5-cycle label,N,N
2.5,4,37.8945,1,10.0,2,2,No,Y,Derived 5-cycle label,N,N
6.7,12,17.4353,8,10.0,2,2,none,,Vehicle Specific 5-cycle label,N,N
,6,20.0268,4,10.0,1,1,No,Y,Derived 5-cycle label,N,N
,8,23.5595,8,10.0,2,2,No,   ,Derived Vehicle Specific 5-cycle Calculation Approach for city label but Modified 5-cycle Calculation Approach for Highway label,N,N
4.8,8,16.656,6,10.0,1,1,No,Y,Derived 5-cycle label,N,N
4.4,8,24.2137,8,10.0,2,2,none,,Derived 5-cycle label,N,N
3.0,6,33.4878,8,10.0,2,2,Yes,Y,not filled in,N,N
,8,19.1822,7,10.0,2,2,No,Y,not filled in,N,N
2.7,4,25.7812,5,10.0,2,2,No,,Derived Vehicle Specific 5-cycle Calculation Approach for city label but Modified 5-cycle Calculation Approach for Highway label,N,N
,4,30.6007,6,15.0,2,2,No,Y,Derived Vehicle Specific 5-cycle Calculation Approach for city label but Modified 5-cycle Calculation Approach for Highway label,N,N
,4,31.3793,6,10.0,2,2,No,Y,Derived 5-cycle label,^^,N
3.2,6,30.0404,6,10.0,2,2,No,,not filled in,N,N
1.6,4,39.6538,6,10.0,2,2,none,Y,not filled in,N,N
1.8,4,37.9352,6,15.0,2,2,No,   ,Derived 5-cycle label,^^,N
5.0,8,16.7722,6,10.0,2,2,No,Y,Derived 5-cycle label,^^,N
2.5,4,34.3738,6,15.0,2,2,No,Y,not filled in,^^,N
,6,Mod,8,,2,2,No,Y,not filled in,^^,N
,6,29.8923,8,10.0,2,2,No,,Derived 5-cycle label,N,N
,4,32.8775,5,10.0,2,2,No,N,Derived 5-cycle label,N,N
2.0,4,33.5795,1,10.0,2,2,No,   ,Derived Vehicle Specific 5-cycle Calculation Approach for city label but Modified 5-cycle Calculation Approach for Highway label,N,N
,6,26.1282,8,85.0,1,1,No,Y,Derived 5-cycle label,N,N
3.6,6,27.9923,8,85.0,2,2,No,   ,Derived 5-cycle label,^^,N
6.2,8,23.731,6,10.0,1,1,No,Y,not filled in,Y,N
,4,32.9267,6,15.0,2,2,No,Y,Derived 5-cycle label,N,N
,4,30.5209,6,15.0,2,2,No,   ,Derived Vehicle Specific 5-cycle Calculation Approach for city label but Modified 5-cycle Calculation Approach for Highway label,N,N
,8,18.3618,4,85.0,1,1,No,Y,Derived 5-cycle label,N,N
3.0,6,39.9173,8,,2,2,none,Y,Derived 5-cycle label,^^,N
5.2,10,16.8379,6,10.0,2,2,none,N,Vehicle Specific 5-cycle label,N,N
,6,29.6324,7,85.0,2,2,Yes,Y,not filled in,N,N
4.2,8,20.6087,7,10.0,2,2,none,Y,Vehicle Specific 5-cycle label,N,N
1.8,4,35.8675,5,15.0,2,2,No,N,Derived 5-cycle label,^^,N
3.8,8,20.8445,8,10.0,2,2,No,   ,Derived 5-cycle label,^^,N
5.5,8,23.2929,7,10.0,2,2,No,,Vehicle Specific 5-cycle label,^^,N
3.8,6,23.7767,6,10.0,2,2,No,   ,not filled in,^^,N
,6,22.7871,6,10.0,2,2,No,   ,Derived 5-cycle label,N,N
5.3,8,23.4503,6,85.0,1,1,No,Y,not filled in,Y,N
2.4,4,36.6253,6,10.0,2,2,No,,not filled in,N,N
,6,26.6838,6,15.0,2,2,No,Y,Derived 5-cycle label,N,N
,4,34.5259,8,10.0,2,2,Yes,Y,not filled in,N,N
1.8,4,45.4338,1,10.0,2,2,none,,Derived 5-cycle label,N,N
3.5,6,30.429,7,85.0,2,2,Yes,,not filled in,^^,N
,6,25.6055,6,15.0,2,2,No,   ,Derived 5-cycle label,N,N
5.4,8,17.61,4,85.0,1,1,No,   ,Derived 5-cycle label,N,N
,8,18.7638,6,10.0,2,2,No,Y,Derived 5-cycle label,N,N
,6,28.6078,7,10.0,2,2,Yes,Y,not filled in,^^,N
1.8,4,43.1825,7,15.0,2,2,No,,not filled in,N,N
4.8,8,23.5293,7,10.0,2,2,Yes,   ,Derived 5-cycle label,^^,N
1.6,4,36.2557,6,10.0,2,2,No,N,not filled in,^^,N
3.8,6,26.9652,7,10.0,2,2,none,N,not filled in,^^,N
4.7,8,25.0798,7,10.0,2,2,Yes,,Vehicle Specific 5-cycle label,N,N
,6,27.2606,6,10.0,2,2,No,,Derived 5-cycle label,N,N
2.0,4,35.9182,8,10.0,2,2,Yes,Y,not filled in,N,N
,4,Mod,6,,2,2,No,,Derived 5-cycle label,N,N
3.4,6,29.2367,7,10.0,2,2,none,   ,Derived 5-cycle label,N,N
1.6,4,38.7388,6,10.0,2,2,none,,Derived 5-cycle label,N,N
3.5,6,26.6316,1,10.0,2,2,none,Y,Derived 5-cycle label,N,N
3.6,6,27.8126,6,10.0,2,2,No,,not filled in,^^,N
1.6,4,36.6353,6,10.0,2,2,none,N,not filled in,^^,N
6.2,8,20.4428,6,10.0,1,1,No,N,not filled in,^^,N
,6,24.8911,6,10.0,2,2,No,Y,Derived 5-cycle label,N,N
3.5,6,22.5882,5,10.0,2,2,No,   ,Derived 5-cycle label,N,N
,4,40.2268,1,10.0,2,2,No,Y,not filled in,^^,N
,4,40.5653,6,85.0,2,2,No,Y,not filled in,^^,N
2.0,4,Mod,6,,2,2,No,Y,not filled in,^^,N
6.8,8,15.8033,8,10.0,1,1,No,Y,Vehicle Specific 5-cycle label,^^,N
5.6,8,19.0582,5,10.0,2,2,none,Y,Derived 5-cycle label,N,N
3.4,6,30.3389,7,10.0,2,2,none,N,not filled in,N,N
5.0,8,26.6567,6,15.0,2,2,none,Y,Derived 5-cycle label,^^,N
6.5,12,14.4817,7,10.0,2,2,none,Y,Vehicle Specific 5-cycle label,^^,N
,8,20.3336,8,10.0,2,2,none,Y,Derived 5-cycle label,N,N
4.5,8,18.3593,7,10.0,2,2,none,   ,Derived 5-cycle label,N,N
,4,40.5894,6,85.0,2,2,No,N,not filled in,^^,N
4.0,6,22.4151,5,10.0,2,2,none,Y,Derived 5-cycle label,N,N
3.8,8,23.7829,7,10.0,2,2,none,Y,Vehicle Specific 5-cycle label,^^,N
,6,24.9612,8,10.0,2,2,No,   ,Derived 5-cycle label,N,N
1.2,4,45.5243,1,10.0,2,2,none,N,Derived 5-cycle label,N,N
5.5,8,23.4146,7,10.0,2,2,Yes,Y,not filled in,^^,N
,6,27.3812,7,10.0,2,2,none,N,Derived 5-cycle label,N,N
2.5,4,32.171,6,10.0,2,2,No,,Derived 5-cycle label,N,N
1.5,3,44.6847,6,10.0,2,2,none,N,not filled in,N,N
2.5,4,41.7293,1,10.0,2,2,No,,Derived 5-cycle label,N,N
,4,41.2498,6,15.0,2,2,No,Y,not filled in,^^,N
2.0,4,30.3066,6,10.0,2,2,No,   ,not filled in,N,N
3.6,6,21.7302,6,10.0,2,2,No,Y,Derived 5-cycle label,N,N
1.8,4,42.2667,6,10.0,2,2,none,,Derived 5-cycle label,^^,N
,4,32.9984,7,10.0,2,2,none,Y,Derived 5-cycle label,N,N
,4,25.1879,5,10.0,2,2,No,,Derived 5-cycle label,N,N
2.0,4,26.3422,6,10.0,2,2,No,Y,not filled in,^^,N
6.2,8,25.2338,6,10.0,1,1,none,   ,Derived 5-cycle label,Y,N
5.7,8,18.9482,6,10.0,2,2,none,Y,Derived 5-cycle label,N,N
,8,24.5187,8,10.0,2,2,none,Y,Derived 5-cycle label,N,N
,8,23.404,5,10.0,1,1,No,,Derived 5-cycle label,Y,N
3.6,6,28.2902,6,10.0,2,2,No,   ,not filled in,N,N
,4,33.0254,5,10.0,2,2,No,Y,Derived 5-cycle label,N,N
5.4,8,16.9609,4,85.0,1,1,No,Y,Derived 5-cycle label,N,N
2.5,4,27.4001,5,10.0,2,2,No,,not filled in,^^,N
,4,40.9678,6,10.0,2,2,No,N,not filled in,^^,N
3.0,6,24.4657,8,10.0,2,2,Yes,   ,Derived 5-cycle label,^^,N
,4,35.8348,8,10.0,2,2,Yes,Y,not filled in,N,N
,6,29.0058,8,15.0,2,2,No,Y,not filled in,^^,N
3.6,6,23.8404,8,10.0,2,2,No,   ,Derived 5-cycle label,^^,N
3.0,6,30.813,8,10.0,2,2,Yes,Y,Derived 5-cycle label,^^,N
,4,60.7663,7,10.0,2,2,No,Y,Derived Vehicle Specific 5-cycle Calculation Approach for city label but Modified 5-cycle Calculation Approach for Highway label,^^,N
,4,26.8679,6,10.0,2,2,No,Y,Derived 5-cycle label,N,N
,16,12.4782,7,10.0,2,2,none,Y,Vehicle Specific 5-cycle label,N,N
1.6,4,39.4431,6,10.0,2,2,none,   ,Derived 5-cycle label,N,N
6.4,8,21.8531,5,10.0,1,1,No,,Derived Vehicle Specific 5-cycle Calculation Approach for city label but Modified 5-cycle Calculation Approach for Highway label,Y,N
2.5,5,31.6112,6,10.0,2,2,No,   ,Vehicle Specific 5-cycle label,^^,N
4.6,8,18.6788,4,85.0,1,1,No,   ,Derived 5-cycle label,N,N
5.2,10,16.0722,6,10.0,2,2,none,   ,Vehicle Specific 5-cycle label,N,N
2.0,4,36.2316,6,10.0,2,2,No,,Derived 5-cycle label,^^,N
4.8,8,23.7927,7,10.0,2,2,Yes,,Derived 5-cycle label,^^,N
3.4,6,28.7417,7,10.0,2,2,none,N,not filled in,N,N
2.4,4,36.7105,6,10.0,2,2,No,,Derived 5-cycle label,^^,N
3.7,6,26.5314,7,10.0,2,2,none,Y,Derived 5-cycle label,N,N
2.0,4,32.4219,6,10.0,2,2,none,Y,not filled in,N,N
5.2,10,19.197,6,10.0,2,2,none,   ,Vehicle Specific 5-cycle label,N,N
4.2,8,22.8332,7,10.0,2,2,none,   ,Vehicle Specific 5-cycle label,N,N
3.7,6,26.9652,6,15.0,2,2,none,,Derived 5-cycle label,^^,N
2.0,4,30.0241,6,10.0,2,2,No,N,not filled in,^^,N
1.8,4,37.5441,6,10.0,2,2,No,Y,not filled in,^^,N
3.0,6,24.8923,8,10.0,2,2,Yes,   ,Derived 5-cycle label,^^,N
1.8,4,39.4158,5,10.0,2,2,none,N,not filled in,N,N
4.4,8,20.538,7,10.0,2,2,none,N,Derived 5-cycle label,N,N
4.4,8,20.538,7,10.0,2,2,Yes,N,Derived 5-cycle label,^^,N
1.8,4,37.9239,1,10.0,2,2,No,,Derived 5-cycle label,N,N
3.5,6,29.7643,7,10.0,2,2,Yes,Y,not filled in,N,N
3.3,6,27.153,6,15.0,2,2,No,Y,Derived 5-cycle label,N,N
3.5,6,30.429,7,10.0,2,2,none,,Derived 5-cycle label,^^,N
4.7,8,26.3815,7,10.0,2,2,none,,Vehicle Specific 5-cycle label,N,N
4.6,8,21.3053,6,10.0,2,2,No,Y,not filled in,^^,N
2.0,4,31.454,6,10.0,2,2,No,Y,not filled in,^^,N
3.7,6,30.126,7,10.0,2,2,No,,not filled in,^^,N
,4,37.6394,6,10.0,2,2,No,Y,Derived 5-cycle label,^^,N
,6,25.1515,6,10.0,2,2,none,N,Vehicle Specific 5-cycle label,N,N
,6,29.7022,6,15.0,2,2,No,Y,not filled in,^^,N
2.0,4,35.3932,8,10.0,2,2,Yes,,Derived 5-cycle label,^^,N
3.6,6,27.2124,8,10.0,2,2,Yes,Y,Derived 5-cycle label,^^,N
,8,20.9239,7,10.0,2,2,No,Y,Vehicle Specific 5-cycle label,N,N
3.0,6,33.4076,8,10.0,2,2,Yes,   ,Vehicle Specific 5-cycle label,N,N
,6,30.3389,7,10.0,2,2,none,N,Derived 5-cycle label,N,N
3.0,6,28.9925,8,,2,2,No,Y,Derived 5-cycle label,N,N
2.5,5,32.2178,6,10.0,2,2,No,,Vehicle Specific 5-cycle label,N,N
,12,19.3741,8,85.0,2,2,No,Y,not filled in,N,N
2.0,4,30.5765,6,10.0,2,2,none,Y,Derived 5-cycle label,N,N
,4,38.0961,6,10.0,2,2,No,,Derived 5-cycle label,N,N
2.0,4,45.1318,6,10.0,2,2,No,,not filled in,^^,N
3.6,6,25.257,6,85.0,2,2,No,   ,Derived 5-cycle label,^^,N
,6,26.1619,1,10.0,2,2,No,Y,Derived 5-cycle label,N,N
,4,43.7587,4,10.0,2,2,No,Y,Derived 5-cycle label,^^,N
,4,33.001,1,10.0,2,2,No,   ,Derived 5-cycle label,^^,N
1.6,4,41.519,6,10.0,2,2,none,Y,not filled in,^^,N
,4,28.7447,6,10.0,2,2,No,Y,Derived 5-cycle label,N,N
,8,23.404,5,10.0,1,1,No,,Derived 5-cycle label,Y,N
,6,27.3312,7,10.0,2,2,none,N,Derived 5-cycle label,N,N
1.6,4,40.9233,6,10.0,2,2,none,   ,Derived 5-cycle label,^^,N
,4,40.9233,6,10.0,2,2,No,N,not filled in,^^,N
,4,37.6394,6,10.0,2,2,No,Y,not filled in,N,N
3.0,6,27.1317,8,85.0,2,2,none,,Derived 5-cycle label,^^,N
2.0,4,28.5339,6,10.0,2,2,No,Y,Derived 5-cycle label,N,N
2.4,4,30.5156,6,10.0,2,2,No,Y,not filled in,^^,N
1.8,4,37.673,6,10.0,2,2,No,Y,not filled in,N,N
3.0,6,28.1037,8,10.0,2,2,No,Y,Derived 5-cycle label,^^,N
,8,22.8351,8,15.0,2,2,No,,Derived 5-cycle label,N,N
3.5,6,28.9732,6,10.0,2,2,No,   ,Derived 5-cycle label,Y,N
1.8,4,36.9594,6,15.0,2,2,No,   ,Derived 5-cycle label,^^,N
2.0,4,33.2006,6,15.0,2,2,No,,Derived 5-cycle label,^^,N
2.4,4,36.1537,6,10.0,2,2,No,   ,Derived 5-cycle label,^^,N
,4,31.3793,6,10.0,2,2,No,Y,not filled in,N,N
2.0,4,33.2899,6,10.0,2,2,No,N,Vehicle Specific 5-cycle label,^^,N
2.4,4,31.6736,6,10.0,2,2,No,N,not filled in,^^,N
2.0,4,34.7312,6,10.0,2,2,Yes,N,not filled in,^^,N
3.0,6,26.8955,7,10.0,2,2,Yes,,not filled in,N,N
6.2,8,21.2913,6,10.0,1,1,No,   ,Derived 5-cycle label,N,N
3.6,6,27.3695,5,10.0,2,2,No,,not filled in,^^,N
,6,27.8831,1,10.0,2,2,none,Y,Derived 5-cycle label,N,N
,6,26.3649,6,85.0,2,2,No,Y,Derived 5-cycle label,^^,N
,6,30.5199,6,10.0,2,2,No,Y,Derived 5-cycle label,Y,N
3.0,6,27.2497,8,10.0,2,2,none,Y,Vehicle Specific 5-cycle label,^^,N
,4,35.9404,1,10.0,2,2,none,Y,Derived 5-cycle label,N,N
,4,27.1897,6,10.0,2,2,No,   ,Derived 5-cycle label,N,N
4.3,8,19.8313,7,10.0,2,2,none,   ,Derived 5-cycle label,N,N
2.4,4,31.5448,4,10.0,2,2,No,   ,Derived 5-cycle label,N,N
2.0,4,38.6792,6,10.0,2,2,No,,Derived 5-cycle label,^^,N
2.0,4,Mod,6,,2,2,none,Y,Derived 5-cycle label,^^,N
1.2,3,54.8785,1,10.0,2,2,No,Y,not filled in,^^,N
6.4,8,21.6811,6,10.0,1,1,none,,Derived Vehicle Specific 5-cycle Calculation Approach for city label but Modified 5-cycle Calculation Approach for Highway label,^^,N
4.6,8,23.4963,8,15.0,2,2,No,,not filled in,^^,N
3.8,6,28.4217,7,10.0,2,2,none,N,Derived 5-cycle label,N,N
,4,36.6274,1,10.0,2,2,No,Y,Derived 5-cycle label,N,N
2.0,4,45.1334,6,10.0,2,2,No,N,not filled in,^^,N
3.3,6,26.076,6,10.0,2,2,none,Y,Derived Vehicle Specific 5-cycle Calculation Approach for city label but Modified 5-cycle Calculation Approach for Highway label,N,N
5.0,8,24.0404,6,10.0,2,2,none,   ,Derived 5-cycle label,N,N
2.0,4,Mod,6,,2,2,No,   ,Derived 5-cycle label,^^,N
2.0,4,36.2536,6,10.0,2,2,none,N,not filled in,N,N
1.6,4,34.5814,6,10.0,2,2,No,Y,not filled in,^^,N
2.0,4,31.2651,6,10.0,2,2,none,N,Derived 5-cycle label,^^,N
3.6,6,28.5088,6,10.0,2,2,none,,Vehicle Specific 5-cycle label,N,N
,8,25.389,7,10.0,2,2,No,Y,Vehicle Specific 5-cycle label,^^,N
,8,24.7961,8,15.0,2,2,No,,Derived 5-cycle label,^^,N
3.7,6,26.3363,7,10.0,2,2,No,,Derived 5-cycle label,^^,N
1.8,4,34.3652,6,10.0,2,2,none,N,not filled in,^^,N
3.6,6,25.2919,6,10.0,2,2,No,   ,Derived 5-cycle label,N,N
,6,27.7584,8,10.0,2,2,Yes,Y,not filled in,^^,N
,6,27.9945,9,10.0,2,2,No,   ,Derived 5-cycle label,^^,N
2.0,4,31.4687,1,10.0,2,2,No,   ,Derived 5-cycle label,^^,N
6.3,12,17.0002,7,10.0,2,2,none,N,Derived 5-cycle label,N,N
,4,31.5986,6,10.0,2,2,No,N,Vehicle Specific 5-cycle label,^^,N
,4,41.305,1,10.0,2,2,Yes,Y,not filled in,N,N
1.4,4,40.4989,5,10.0,2,2,none,   ,Derived 5-cycle label,^^,N
,8,20.8978,7,10.0,2,2,No,Y,Derived 5-cycle label,N,N
4.6,8,18.0094,4,85.0,1,1,No,   ,Derived 5-cycle label,N,N
,4,51.5229,6,10.0,2,2,No,,Derived 5-cycle label,^^,N
3.5,6,42.0623,7,10.0,2,2,Yes,,Derived 5-cycle label,^^,N
,8,23.6962,7,10.0,2,2,No,,Derived 5-cycle label,^^,N
2.0,4,35.2258,8,10.0,2,2,none,N,Derived 5-cycle label,^^,N
3.0,6,30.813,8,10.0,2,2,none,Y,not filled in,^^,N
1.6,4,39.4431,6,10.0,2,2,No,   ,not filled in,N,N
4.6,8,24.7961,8,15.0,2,2,No,   ,Derived 5-cycle label,^^,N
,8,22.9305,8,10.0,2,2,Yes,,Derived 5-cycle label,^^,N
3.6,6,26.8704,6,10.0,2,2,No,   ,Derived 5-cycle label,^^,N
5.0,8,21.4167,6,10.0,2,2,No,   ,not filled in,N,N
,6,25.8305,6,15.0,2,2,No,Y,Derived 5-cycle label,N,N
4.7,8,23.0728,7,10.0,2,2,none,Y,not filled in,^^,N
,8,21.4863,8,10.0,1,1,No,   ,Derived 5-cycle label,Y,N
2.0,4,37.37,6,10.0,2,2,No,   ,Derived 5-cycle label,^^,N
,8,17.0703,6,10.0,2,2,none,N,Vehicle Specific 5-cycle label,N,N
,6,26.9372,7,10.0,2,2,No,Y,not filled in,N,N
,6,40.2779,8,,2,2,No,Y,Derived 5-cycle label,^^,N
3.7,6,26.1811,6,10.0,2,2,No,N,Derived 5-cycle label,^^,N
3.5,6,30.313,7,10.0,2,2,none,Y,not filled in,N,N
1.8,4,40.9289,6,10.0,2,2,No,,Derived 5-cycle label,^^,N
3.6,6,27.9923,8,85.0,2,2,No,   ,Derived 5-cycle label,N,N
3.6,6,27.3695,5,10.0,2,2,none,,Derived 5-cycle label,^^,N
1.6,4,34.5814,6,10.0,2,2,No,Y,not filled in,^^,N
4.4,8,22.0246,6,10.0,2,2,none,N,not filled in,N,N
2.0,4,29.7505,6,10.0,2,2,No,   ,Derived 5-cycle label,N,N
,8,22.0455,6,85.0,1,1,No,Y,Derived 5-cycle label,Y,N
,6,23.9882,6,10.0,2,2,No,,Derived 5-cycle label,N,N
1.6,4,40.7262,4,10.0,2,2,No,Y,not filled in,^^,N
6.0,8,15.9434,6,85.0,1,1,none,Y,Derived 5-cycle label,N,N
2.5,5,30.3918,6,10.0,2,2,none,Y,Vehicle Specific 5-cycle label,^^,N
,4,35.8732,6,10.0,2,2,No,Y,Derived 5-cycle label,N,N
1.6,4,35.9089,6,10.0,2,2,No,   ,not filled in,^^,N
4.7,8,25.0558,7,10.0,2,2,Yes,   ,not filled in,^^,N
,6,23.9231,5,10.0,2,2,No,   ,Derived 5-cycle label,^^,N
3.0,6,30.745,6,10.0,2,2,Yes,N,not filled in,N,N
3.6,6,28.1669,7,10.0,2,2,Yes,   ,Derived 5-cycle label,N,N
2.5,4,43.3878,6,10.0,2,2,none,,Derived 5-cycle label,^^,N
3.6,6,27.0732,6,10.0,2,2,No,   ,Derived 5-cycle label,^^,N
6.0,8,15.7229,6,85.0,1,1,No,   ,Derived 5-cycle label,N,N
2.0,4,37.0989,6,10.0,2,2,No,,not filled in,^^,N
,4,31.0576,9,10.0,2,2,No,Y,Derived 5-cycle label,N,N
,8,19.7604,7,10.0,2,2,none,Y,Vehicle Specific 5-cycle label,N,N
1.6,4,31.6054,6,10.0,2,2,none,,Derived 5-cycle label,N,N
,4,34.5259,8,10.0,2,2,Yes,Y,not filled in,N,N
3.5,6,27.2264,6,85.0,2,2,No,   ,Derived 5-cycle label,N,N
6.0,12,18.1658,8,85.0,2,2,none,   ,Vehicle Specific 5-cycle label,N,N
4.4,8,24.8022,8,10.0,2,2,Yes,,Derived 5-cycle label,N,N
3.5,6,27.2264,6,15.0,2,2,No,   ,Derived 5-cycle label,^^,N
1.8,4,36.2243,6,10.0,2,2,No,,not filled in,^^,N
,6,31.1222,7,10.0,2,2,Yes,Y,not filled in,N,N
3.5,6,30.3614,7,10.0,2,2,Yes,   ,Derived 5-cycle label,^^,N
,6,23.9236,6,10.0,2,2,No,   ,Derived 5-cycle label,N,N
,4,27.7568,6,10.0,2,2,No,   ,Derived 5-cycle label,N,N
2.4,4,51.2581,6,10.0,2,2,none,,Derived 5-cycle label,^^,N
3.7,6,26.2512,6,10.0,2,2,none,   ,Derived 5-cycle label,N,N
3.5,6,28.0575,6,10.0,2,2,none,,Derived 5-cycle label,^^,N
2.5,4,24.6068,6,10.0,2,2,No,   ,Derived 5-cycle label,^^,N
2.0,4,39.1805,6,10.0,2,2,none,N,Derived 5-cycle label,N,N
3.5,6,32.1996,6,10.0,2,2,No,,not filled in,^^,N
1.8,4,36.3333,5,10.0,2,2,none,,Vehicle Specific 5-cycle label,N,N
2.0,4,37.0727,6,10.0,2,2,none,   ,Derived 5-cycle label,^^,N
,4,34.9707,6,10.0,2,2,No,   ,Derived 5-cycle label,N,N
5.3,8,18.9825,4,85.0,1,1,No,   ,Derived 5-cycle label,^^,N
3.5,6,27.9077,6,15.0,2,2,none,Y,not filled in,^^,N
6.6,12,18.7023,8,10.0,2,2,No,   ,Vehicle Specific 5-cycle label,N,N
,6,41.3655,7,10.0,2,2,No,Y,not filled in,^^,N
,6,25.2316,6,15.0,2,2,No,   ,Derived 5-cycle label,N,N
6.2,8,14.1502,6,10.0,2,2,No,Y,Derived 5-cycle label,^^,N
2.0,4,34.7312,6,10.0,2,2,Yes,N,not filled in,^^,N
3.5,6,27.9753,6,10.0,2,2,No,   ,Derived 5-cycle label,^^,N
1.6,4,38.2932,6,10.0,2,2,No,N,not filled in,^^,N
4.0,6,23.5729,5,10.0,2,2,No,,not filled in,N,N
5.5,8,23.9504,7,10.0,2,2,none,   ,Vehicle Specific 5-cycle label,N,N
6.2,8,16.7111,6,15.0,1,1,none,Y,Derived 5-cycle label,N,N
2.4,4,31.7078,5,10.0,2,2,No,,Derived 5-cycle label,N,N
2.0,4,28.6649,6,10.0,2,2,No,Y,not filled in,^^,N
,8,15.13,6,85.0,1,1,No,Y,Derived 5-cycle label,N,N
2.0,4,37.2184,6,10.0,2,2,No,N,not filled in,N,N
6.2,8,17.9556,6,10.0,1,1,No,   ,Derived 5-cycle label,^^,N
2.0,4,32.279,6,10.0,2,2,No,   ,Vehicle Specific 5-cycle label,^^,N
2.5,4,24.6068,6,10.0,2,2,No,,Derived 5-cycle label,N,N
3.7,6,28.159,7,10.0,2,2,none,Y,Derived 5-cycle label,N,N
,4,30.4629,6,15.0,2,2,No,Y,Derived 5-cycle label,N,N
2.5,5,31.8984,6,10.0,2,2,none,,Vehicle Specific 5-cycle label,N,N
6.2,8,17.9556,6,10.0,1,1,No,   ,Derived 5-cycle label,^^,N
,6,24.4531,6,85.0,2,2,No,Y,not filled in,^^,N
1.6,4,33.045,6,10.0,2,2,none,Y,not filled in,^^,N
4.8,8,16.6993,6,10.0,1,1,none,Y,Derived 5-cycle label,N,N
,8,20.9921,6,85.0,1,1,No,Y,not filled in,^^,N
1.6,4,31.8522,6,10.0,2,2,none,,Derived 5-cycle label,N,N
3.6,6,27.3695,5,85.0,2,2,none,,Derived 5-cycle label,N,N
3.0,6,26.6245,6,10.0,2,2,No,   ,Vehicle Specific 5-cycle label,^^,N
,8,22.0455,6,85.0,1,1,No,Y,Derived 5-cycle label,Y,N
,4,32.1189,6,10.0,2,2,No,N,Derived 5-cycle label,^^,N
2.0,4,44.2635,6,,2,2,No,   ,Derived 5-cycle label,^^,N
4.4,8,24.8022,8,10.0,2,2,Yes,   ,Derived 5-cycle label,N,N
2.0,4,34.1556,8,10.0,2,2,Yes,   ,Derived 5-cycle label,N,N
5.3,8,18.9825,4,85.0,1,1,none,Y,Derived 5-cycle label,N,N
,6,23.9079,5,10.0,2,2,none,Y,Derived 5-cycle label,N,N
,6,26.1966,6,10.0,2,2,none,Y,Vehicle Specific 5-cycle label,N,N
2.5,4,30.3756,6,15.0,2,2,none,Y,Derived 5-cycle label,N,N
,6,24.6108,8,10.0,2,2,Yes,Y,not filled in,^^,N
4.4,8,24.2137,8,10.0,2,2,Yes,Y,not filled in,N,N
,4,25.7022,6,10.0,2,2,No,   ,Derived 5-cycle label,N,N
2.0,4,34.6338,6,10.0,2,2,none,N,Derived 5-cycle label,N,N
3.0,6,28.8274,8,10.0,2,2,Yes,,not filled in,^^,N
